대상연월,요일,time,출발 행정동 코드,도착 행정동 코드,성별,이동인구(합),adm_nm_x,start_point,adm_nm_y,end_point,normalized_이동인구
202204,토,점심,1114066,1114066,F,26995.63,서울특별시 마포구 서교동,"[126.92056224341965, 37.554231410096335]",서울특별시 마포구 서교동,"[126.92056224341965, 37.554231410096335]",1.0
202204,토,점심,1119054,1119054,F,26157.28,서울특별시 영등포구 여의동,"[126.92512005925903, 37.52669811644704]",서울특별시 영등포구 여의동,"[126.92512005925903, 37.52669811644704]",0.9689449736864818
202204,토,점심,1124080,1124080,F,20204.09,서울특별시 송파구 잠실3동,"[127.09256436999024, 37.511453694541444]",서울특별시 송파구 잠실3동,"[127.09256436999024, 37.511453694541444]",0.748420762916072
202204,토,점심,1123064,1123064,F,14353.4,서울특별시 강남구 역삼1동,"[127.04126078797715, 37.5039870859614]",서울특별시 강남구 역삼1동,"[127.04126078797715, 37.5039870859614]",0.5316934629790081
202204,토,점심,1113075,1113075,F,12720.58,서울특별시 서대문구 신촌동,"[126.94126973134767, 37.56713216116725]",서울특별시 서대문구 신촌동,"[126.94126973134767, 37.56713216116725]",0.47120885861896905
202204,토,점심,1101061,1101061,F,12218.04,서울특별시 종로구 종로1·2·3·4가동,"[126.99095460165246, 37.575603142178714]",서울특별시 종로구 종로1·2·3·4가동,"[126.99095460165246, 37.575603142178714]",0.4525932530561428
202204,토,점심,1123077,1123077,F,9458.21,서울특별시 강남구 압구정동,"[127.03314668642571, 37.52783236839773]",서울특별시 강남구 압구정동,"[127.03314668642571, 37.52783236839773]",0.35036078061523285
202204,토,점심,1124077,1124077,F,8761.79,서울특별시 송파구 잠실6동,"[127.09932914555756, 37.51855996471403]",서울특별시 송파구 잠실6동,"[127.09932914555756, 37.51855996471403]",0.3245632719073421
202204,토,점심,1103073,1103073,F,8530.37,서울특별시 용산구 한강로동,"[126.96570686386953, 37.52976173036216]",서울특별시 용산구 한강로동,"[126.96570686386953, 37.52976173036216]",0.3159907733214598
202204,토,점심,1119074,1119074,F,7887.88,서울특별시 영등포구 영등포동,"[126.90649846911558, 37.52267695422319]",서울특별시 영등포구 영등포동,"[126.90649846911558, 37.52267695422319]",0.29219099535739673
202204,토,점심,1123051,1123051,F,7831.14,서울특별시 강남구 신사동,"[127.02261228179378, 37.52608291359223]",서울특별시 강남구 신사동,"[127.02261228179378, 37.52608291359223]",0.29008917369218645
202204,토,점심,1123058,1123058,F,7825.79,서울특별시 강남구 삼성1동,"[127.05928361883572, 37.516707116019525]",서울특별시 강남구 삼성1동,"[127.05928361883572, 37.516707116019525]",0.2898909934682021
202204,토,점심,1102055,1102055,F,6366.03,서울특별시 중구 명동,"[126.98435562251788, 37.56224364740497]",서울특별시 중구 명동,"[126.98435562251788, 37.56224364740497]",0.23581705631615188
202204,토,점심,1112071,1112071,F,6287.91,서울특별시 은평구 진관동,"[126.93454402716439, 37.64146154425551]",서울특별시 은평구 진관동,"[126.93454402716439, 37.64146154425551]",0.23292325461565444
202204,토,점심,1122053,1122053,F,5330.78,서울특별시 서초구 서초3동,"[127.00844957964054, 37.48609541841626]",서울특별시 서초구 서초3동,"[127.00844957964054, 37.48609541841626]",0.1974682568993574
202204,토,점심,1114066,1114071,F,5273.93,서울특별시 마포구 서교동,"[126.92056224341965, 37.554231410096335]",서울특별시 마포구 연남동,"[126.92211652143648, 37.562850482781755]",0.1953623605005699
202204,토,점심,1124077,1124080,F,5235.7300000000005,서울특별시 송파구 잠실6동,"[127.09932914555756, 37.51855996471403]",서울특별시 송파구 잠실3동,"[127.09256436999024, 37.511453694541444]",0.19394731665828877
202204,토,점심,1115051,1115051,F,5044.46,서울특별시 양천구 목1동,"[126.87842607732286, 37.528465778189215]",서울특별시 양천구 목1동,"[126.87842607732286, 37.528465778189215]",0.18686209582810254
202204,토,점심,1116064,1116064,F,4983.18,서울특별시 강서구 가양1동,"[126.83215506473292, 37.56958870314131]",서울특별시 강서구 가양1동,"[126.83215506473292, 37.56958870314131]",0.18459209879524946
202204,토,점심,1103074,1103074,F,4593.05,서울특별시 용산구 한남동,"[127.00429271515972, 37.53991508637774]",서울특별시 용산구 한남동,"[127.00429271515972, 37.53991508637774]",0.1701405005180468
202204,토,점심,1122060,1122060,F,4575.31,서울특별시 서초구 반포4동,"[127.0000666505004, 37.49835158340895]",서울특별시 서초구 반포4동,"[127.0000666505004, 37.49835158340895]",0.16948335712113405
202204,토,점심,1124080,1124077,F,4569.77,서울특별시 송파구 잠실3동,"[127.09256436999024, 37.511453694541444]",서울특별시 송파구 잠실6동,"[127.09932914555756, 37.51855996471403]",0.16927813872097078
202204,토,점심,1114076,1114066,F,4456.49,서울특별시 마포구 서강동,"[126.92639388425313, 37.54906564628819]",서울특별시 마포구 서교동,"[126.92056224341965, 37.554231410096335]",0.16508190399705433
202204,토,점심,1114071,1114066,F,4373.84,서울특별시 마포구 연남동,"[126.92211652143648, 37.562850482781755]",서울특별시 마포구 서교동,"[126.92056224341965, 37.554231410096335]",0.16202029735923926
202204,토,점심,1102054,1102054,F,4286.91,서울특별시 중구 회현동,"[126.9796964325556, 37.55632681416738]",서울특별시 중구 회현동,"[126.9796964325556, 37.55632681416738]",0.15880014654223665
202204,토,점심,1105053,1105053,F,4205.44,서울특별시 광진구 화양동,"[127.07837402315909, 37.54326627301307]",서울특별시 광진구 화양동,"[127.07837402315909, 37.54326627301307]",0.15578225068279566
202204,토,점심,1122054,1123064,F,4171.14,서울특별시 서초구 서초4동,"[127.01811249295136, 37.498481381745535]",서울특별시 강남구 역삼1동,"[127.04126078797715, 37.5039870859614]",0.1545116746673443
202204,토,점심,1113075,1114066,F,4081.14,서울특별시 서대문구 신촌동,"[126.94126973134767, 37.56713216116725]",서울특별시 마포구 서교동,"[126.92056224341965, 37.554231410096335]",0.1511778017405039
202204,토,점심,1124061,1124061,F,4017.47,서울특별시 송파구 송파1동,"[127.11179176756588, 37.50564107530343]",서울특별시 송파구 송파1동,"[127.11179176756588, 37.50564107530343]",0.14881927185992694
202204,토,점심,1123078,1123077,F,3965.95,서울특별시 강남구 청담동,"[127.05055897710258, 37.523705060966414]",서울특별시 강남구 압구정동,"[127.03314668642571, 37.52783236839773]",0.14691081482447343
202204,토,점심,1104065,1104066,F,3965.67,서울특별시 성동구 성수1가1동,"[127.04209358222877, 37.542391624555904]",서울특별시 성동구 성수1가2동,"[127.04213692156439, 37.54899210467313]",0.1469004427753677
202204,토,점심,1124061,1124077,F,3928.03,서울특별시 송파구 송파1동,"[127.11179176756588, 37.50564107530343]",서울특별시 송파구 잠실6동,"[127.09932914555756, 37.51855996471403]",0.14550614303129802
202204,토,점심,1124069,1124069,F,3792.99,서울특별시 송파구 문정2동,"[127.11938713838867, 37.47750452934264]",서울특별시 송파구 문정2동,"[127.11938713838867, 37.47750452934264]",0.14050385191973663
202204,토,점심,1123064,1122054,F,3719.93,서울특별시 강남구 역삼1동,"[127.04126078797715, 37.5039870859614]",서울특별시 서초구 서초4동,"[127.01811249295136, 37.498481381745535]",0.13779748796379265
202204,토,점심,1105059,1105059,F,3713.01,서울특별시 광진구 능동,"[127.08139426911437, 37.55090497310224]",서울특별시 광진구 능동,"[127.08139426911437, 37.55090497310224]",0.13754115017875115
202204,토,점심,1123078,1123078,F,3641.37,서울특별시 강남구 청담동,"[127.05055897710258, 37.523705060966414]",서울특별시 강남구 청담동,"[127.05055897710258, 37.523705060966414]",0.1348873873289862
202204,토,점심,1101073,1101073,F,3520.68,서울특별시 종로구 혜화동,"[127.00077354964296, 37.58751958164254]",서울특별시 종로구 혜화동,"[127.00077354964296, 37.58751958164254]",0.13041666373409325
202204,토,점심,1101073,1101064,F,3439.66,서울특별시 종로구 혜화동,"[127.00077354964296, 37.58751958164254]",서울특별시 종로구 이화동,"[127.00232672474115, 37.58069650100036]",0.1274154372392865
202204,토,점심,1104068,1104068,F,3428.4,서울특별시 성동구 성수2가3동,"[127.05932761084482, 37.54766855929547]",서울특별시 성동구 성수2가3동,"[127.05932761084482, 37.54766855929547]",0.12699833269310626
202204,토,점심,1122067,1122067,F,3393.17,서울특별시 서초구 양재2동,"[127.0444567139032, 37.44773534841601]",서울특별시 서초구 양재2동,"[127.0444567139032, 37.44773534841601]",0.12569330665741085
202204,토,점심,1114074,1114074,F,3235.18,서울특별시 마포구 상암동,"[126.88560088415761, 37.57518748973119]",서울특별시 마포구 상암동,"[126.88560088415761, 37.57518748973119]",0.11984087794950515
202204,토,점심,1104066,1104066,F,3235.09,서울특별시 성동구 성수1가2동,"[127.04213692156439, 37.54899210467313]",서울특별시 성동구 성수1가2동,"[127.04213692156439, 37.54899210467313]",0.11983754407657832
202204,토,점심,1114066,1114076,F,3216.76,서울특별시 마포구 서교동,"[126.92056224341965, 37.554231410096335]",서울특별시 마포구 서강동,"[126.92639388425313, 37.54906564628819]",0.1191585452904785
202204,토,점심,1113076,1113076,F,3208.43,서울특별시 서대문구 연희동,"[126.93563407403806, 37.57228360983236]",서울특별시 서대문구 연희동,"[126.93563407403806, 37.57228360983236]",0.11884997682958315
202204,토,점심,1102059,1102059,F,3180.18,서울특별시 중구 광희동,"[127.00286697151385, 37.56476073060719]",서울특별시 중구 광희동,"[127.00286697151385, 37.56476073060719]",0.11780351116088048
202204,토,점심,1102052,1102052,F,3144.62,서울특별시 중구 소공동,"[126.97509985596237, 37.564659305428215]",서울특별시 중구 소공동,"[126.97509985596237, 37.564659305428215]",0.11648626092445331
202204,토,점심,1114068,1114066,F,3111.57,서울특별시 마포구 합정동,"[126.91173015368167, 37.547809277206945]",서울특별시 마포구 서교동,"[126.92056224341965, 37.554231410096335]",0.1152619886996525
202204,토,점심,1104066,1104065,F,3081.2,서울특별시 성동구 성수1가2동,"[127.04213692156439, 37.54899210467313]",서울특별시 성동구 성수1가1동,"[127.04209358222877, 37.542391624555904]",0.11413699180200647
202204,토,점심,1114071,1114071,F,2988.71,서울특별시 마포구 연남동,"[126.92211652143648, 37.562850482781755]",서울특별시 마포구 연남동,"[126.92211652143648, 37.562850482781755]",0.11071088172419018
202204,토,점심,1102052,1102055,F,2947.87,서울특별시 중구 소공동,"[126.97509985596237, 37.564659305428215]",서울특별시 중구 명동,"[126.98435562251788, 37.56224364740497]",0.10919804427605505
202204,토,점심,1101053,1101072,F,2930.42,서울특별시 종로구 사직동,"[126.96973780558996, 37.57526651399384]",서울특별시 종로구 청운효자동,"[126.96875675335039, 37.58528149031952]",0.10855164335857322
202204,토,점심,1102055,1102052,F,2909.9700000000003,서울특별시 중구 명동,"[126.98435562251788, 37.56224364740497]",서울특별시 중구 소공동,"[126.97509985596237, 37.564659305428215]",0.10779411334353005
202204,토,점심,1117051,1117051,F,2895.62,서울특별시 구로구 신도림동,"[126.8854089927686, 37.508298184398114]",서울특별시 구로구 신도림동,"[126.8854089927686, 37.508298184398114]",0.1072625458268616
202204,토,점심,1101061,1101060,F,2704.83,서울특별시 종로구 종로1·2·3·4가동,"[126.99095460165246, 37.575603142178714]",서울특별시 종로구 가회동,"[126.98631824322152, 37.58434534004574]",0.10019510565228519
202204,토,점심,1122054,1122054,F,2704.08,서울특별시 서초구 서초4동,"[127.01811249295136, 37.498481381745535]",서울특별시 서초구 서초4동,"[127.01811249295136, 37.498481381745535]",0.10016732337789486
202204,토,점심,1123077,1123078,F,2690.08,서울특별시 강남구 압구정동,"[127.03314668642571, 37.52783236839773]",서울특별시 강남구 청담동,"[127.05055897710258, 37.523705060966414]",0.09964872092260858
202204,토,점심,1104065,1104065,F,2689.55,서울특별시 성동구 성수1가1동,"[127.04209358222877, 37.542391624555904]",서울특별시 성동구 성수1가1동,"[127.04209358222877, 37.542391624555904]",0.09962908811537274
202204,토,점심,1101072,1101053,F,2684.56,서울특별시 종로구 청운효자동,"[126.96875675335039, 37.58528149031952]",서울특별시 종로구 사직동,"[126.96973780558996, 37.57526651399384]",0.09944424338309571
202204,토,점심,1101072,1101072,F,2668.62,서울특별시 종로구 청운효자동,"[126.96875675335039, 37.58528149031952]",서울특별시 종로구 청운효자동,"[126.96875675335039, 37.58528149031952]",0.09885377744471975
202204,토,점심,1101064,1101064,F,2662.87,서울특별시 종로구 이화동,"[127.00232672474115, 37.58069650100036]",서울특별시 종로구 이화동,"[127.00232672474115, 37.58069650100036]",0.09864078000772716
202204,토,점심,1114066,1114068,F,2623.53,서울특별시 마포구 서교동,"[126.92056224341965, 37.554231410096335]",서울특별시 마포구 합정동,"[126.91173015368167, 37.547809277206945]",0.09718350710837273
202204,토,점심,1124058,1124077,F,2613.84,서울특별시 송파구 방이2동,"[127.1149107388978, 37.51332145231897]",서울특별시 송파구 잠실6동,"[127.09932914555756, 37.51855996471403]",0.09682456012324958
202204,토,점심,1123077,1123051,F,2604.71,서울특별시 강남구 압구정동,"[127.03314668642571, 37.52783236839773]",서울특별시 강남구 신사동,"[127.02261228179378, 37.52608291359223]",0.09648635723633787
202204,토,점심,1123063,1123063,F,2566.73,서울특별시 강남구 대치4동,"[127.05499069193601, 37.5010195316422]",서울특별시 강남구 대치4동,"[127.05499069193601, 37.5010195316422]",0.09507946286121123
202204,토,점심,1124077,1124061,F,2563.47,서울특별시 송파구 잠실6동,"[127.09932914555756, 37.51855996471403]",서울특별시 송파구 송파1동,"[127.11179176756588, 37.50564107530343]",0.09495870257519456
202204,토,점심,1123079,1123058,F,2525.16,서울특별시 강남구 대치2동,"[127.07019806083031, 37.49917605917884]",서울특별시 강남구 삼성1동,"[127.05928361883572, 37.516707116019525]",0.09353958399933618
202204,토,점심,1104055,1104055,F,2488.8,서울특별시 성동구 사근동,"[127.04517415382271, 37.55843251447867]",서울특별시 성동구 사근동,"[127.04517415382271, 37.55843251447867]",0.09219269933689268
202204,토,점심,1118051,1118051,F,2480.91,서울특별시 금천구 가산동,"[126.88545529879944, 37.47771922853849]",서울특별시 금천구 가산동,"[126.88545529879944, 37.47771922853849]",0.09190042981030633
202204,토,점심,1104068,1104066,F,2468.34,서울특별시 성동구 성수2가3동,"[127.05932761084482, 37.54766855929547]",서울특별시 성동구 성수1가2동,"[127.04213692156439, 37.54899210467313]",0.0914347988915243
202204,토,점심,1123051,1123077,F,2434.6,서울특별시 강남구 신사동,"[127.02261228179378, 37.52608291359223]",서울특별시 강남구 압구정동,"[127.03314668642571, 37.52783236839773]",0.09018496697428435
202204,토,점심,1108083,1108083,F,2424.68,서울특별시 성북구 동선동,"[127.01832465573933, 37.59296981556955]",서울특별시 성북구 동선동,"[127.01832465573933, 37.59296981556955]",0.08981750009168149
202204,토,점심,1114069,1114069,F,2383.96,서울특별시 마포구 망원1동,"[126.90174926359754, 37.553704969383375]",서울특별시 마포구 망원1동,"[126.90174926359754, 37.553704969383375]",0.08830910780744883
202204,토,점심,1123053,1123053,F,2374.16,서울특별시 강남구 논현2동,"[127.0346662313185, 37.517108370661724]",서울특별시 강남구 논현2동,"[127.0346662313185, 37.517108370661724]",0.08794608608874843
202204,토,점심,1119076,1119076,F,2311.91,서울특별시 영등포구 문래동,"[126.89550370534583, 37.51596092928477]",서울특별시 영등포구 문래동,"[126.89550370534583, 37.51596092928477]",0.0856401573143505
202204,토,점심,1122052,1123064,F,2309.17,서울특별시 서초구 서초2동,"[127.03018034456811, 37.485111515306755]",서울특별시 강남구 역삼1동,"[127.04126078797715, 37.5039870859614]",0.08553865940524448
202204,토,점심,1101060,1101061,F,2306.35,서울특별시 종로구 가회동,"[126.98631824322152, 37.58434534004574]",서울특별시 종로구 종로1·2·3·4가동,"[126.99095460165246, 37.575603142178714]",0.0854341980535368
202204,토,점심,1102054,1102055,F,2298.98,서울특별시 중구 회현동,"[126.9796964325556, 37.55632681416738]",서울특별시 중구 명동,"[126.98435562251788, 37.56224364740497]",0.08516119090386111
202204,토,점심,1101061,1102055,F,2291.72,서울특별시 종로구 종로1·2·3·4가동,"[126.99095460165246, 37.575603142178714]",서울특별시 중구 명동,"[126.98435562251788, 37.56224364740497]",0.08489225848776263
202204,토,점심,1121058,1121058,F,2271.2,서울특별시 관악구 낙성대동,"[126.96182986856822, 37.46780128466276]",서울특별시 관악구 낙성대동,"[126.96182986856822, 37.46780128466276]",0.08413213546044303
202204,토,점심,1119074,1119054,F,2255.11,서울특별시 영등포구 영등포동,"[126.90649846911558, 37.52267695422319]",서울특별시 영등포구 여의동,"[126.92512005925903, 37.52669811644704]",0.08353611306718903
202204,토,점심,1102055,1101061,F,2247.6,서울특별시 중구 명동,"[126.98435562251788, 37.56224364740497]",서울특별시 종로구 종로1·2·3·4가동,"[126.99095460165246, 37.575603142178714]",0.08325791989296044
202204,토,점심,1115071,1115051,F,2244.48,서울특별시 양천구 목5동,"[126.87970700787528, 37.535560683454364]",서울특별시 양천구 목1동,"[126.87842607732286, 37.528465778189215]",0.08314234563149665
202204,토,점심,1122066,1122066,F,2219.92,서울특별시 서초구 양재1동,"[127.02565624932309, 37.47257678112422]",서울특별시 서초구 양재1동,"[127.02565624932309, 37.47257678112422]",0.08223256875279443
202204,토,점심,1114060,1113075,F,2190.09,서울특별시 마포구 대흥동,"[126.94151997394867, 37.5513902127462]",서울특별시 서대문구 신촌동,"[126.94126973134767, 37.56713216116725]",0.08112757509270946
202204,토,점심,1120071,1120071,F,2176.48,서울특별시 동작구 흑석동,"[126.9648525236597, 37.50498575930639]",서울특별시 동작구 흑석동,"[126.9648525236597, 37.50498575930639]",0.08062341942010615
202204,토,점심,1113076,1114066,F,2167.73,서울특별시 서대문구 연희동,"[126.93563407403806, 37.57228360983236]",서울특별시 마포구 서교동,"[126.92056224341965, 37.554231410096335]",0.08029929288555221
202204,토,점심,1120053,1120053,F,2158.37,서울특별시 동작구 상도1동,"[126.95337771944237, 37.49792108014235]",서울특별시 동작구 상도1동,"[126.95337771944237, 37.49792108014235]",0.07995257010116082
202204,토,점심,1114066,1113075,F,2149.17,서울특별시 마포구 서교동,"[126.92056224341965, 37.554231410096335]",서울특별시 서대문구 신촌동,"[126.94126973134767, 37.56713216116725]",0.07961177420197268
202204,토,점심,1101053,1101053,F,2146.49,서울특별시 종로구 사직동,"[126.96973780558996, 37.57526651399384]",서울특별시 종로구 사직동,"[126.96973780558996, 37.57526651399384]",0.07951249887481787
202204,토,점심,1102055,1102054,F,2140.35,서울특별시 중구 명동,"[126.98435562251788, 37.56224364740497]",서울특별시 중구 회현동,"[126.9796964325556, 37.55632681416738]",0.07928505465514232
202204,토,점심,1120072,1120072,F,2131.28,서울특별시 동작구 노량진1동,"[126.94723402559435, 37.51098222745891]",서울특별시 동작구 노량진1동,"[126.94723402559435, 37.51098222745891]",0.07894907435018186
202204,토,점심,1117056,1117056,F,2107.14,서울특별시 구로구 구로5동,"[126.88734984414937, 37.50169755610519]",서울특별시 구로구 구로5동,"[126.88734984414937, 37.50169755610519]",0.07805485554513822
202204,토,점심,1123052,1123052,F,2081.87,서울특별시 강남구 논현1동,"[127.02745939058589, 37.513855035233846]",서울특별시 강남구 논현1동,"[127.02745939058589, 37.513855035233846]",0.07711877811334648
202204,토,점심,1125074,1125074,F,2068.6,서울특별시 강동구 길동,"[127.14480510043676, 37.53958535837264]",서울특별시 강동구 길동,"[127.14480510043676, 37.53958535837264]",0.07662721707180013
202204,토,점심,1123052,1123064,F,2066.51,서울특별시 강남구 논현1동,"[127.02745939058589, 37.513855035233846]",서울특별시 강남구 역삼1동,"[127.04126078797715, 37.5039870859614]",0.0765497971338324
202204,토,점심,1119056,1119056,F,2059.13,서울특별시 영등포구 당산2동,"[126.90619993938657, 37.53024586004131]",서울특별시 영등포구 당산2동,"[126.90619993938657, 37.53024586004131]",0.07627641955383149
202204,토,점심,1105063,1105063,F,2029.04,서울특별시 광진구 광장동,"[127.10439239718072, 37.549002363245556]",서울특별시 광진구 광장동,"[127.10439239718072, 37.549002363245556]",0.07516179470529119
202204,토,점심,1124071,1124071,F,2020.66,서울특별시 송파구 잠실본동,"[127.08313430841073, 37.507709651924095]",서울특별시 송파구 잠실본동,"[127.08313430841073, 37.507709651924095]",0.07485137409276983
202204,토,점심,1116054,1116064,F,2018.39,서울특별시 강서구 등촌3동,"[126.84325843251658, 37.562154440199244]",서울특별시 강서구 가양1동,"[126.83215506473292, 37.56958870314131]",0.07476728640894842
202204,토,점심,1105053,1105067,F,1973.22,서울특별시 광진구 화양동,"[127.07837402315909, 37.54326627301307]",서울특별시 광진구 자양4동,"[127.06530029749946, 37.53382075256409]",0.07309405262999974
202204,토,점심,1114069,1114066,F,1969.5,서울특별시 마포구 망원1동,"[126.90174926359754, 37.553704969383375]",서울특별시 마포구 서교동,"[126.92056224341965, 37.554231410096335]",0.07295625254902367
202204,토,점심,1119076,1119074,F,1967.63,서울특별시 영등포구 문래동,"[126.89550370534583, 37.51596092928477]",서울특별시 영등포구 영등포동,"[126.90649846911558, 37.52267695422319]",0.07288698207821044
202204,토,점심,1124058,1124058,F,1966.25,서울특별시 송파구 방이2동,"[127.1149107388978, 37.51332145231897]",서울특별시 송파구 방이2동,"[127.1149107388978, 37.51332145231897]",0.07283586269333221
202204,토,점심,1121073,1121073,F,1949.6,서울특별시 관악구 대학동,"[126.9491858279245, 37.45182915587032]",서울특별시 관악구 대학동,"[126.9491858279245, 37.45182915587032]",0.07221909620186674
202204,토,점심,1101053,1101061,F,1936.61,서울특별시 종로구 사직동,"[126.96973780558996, 37.57526651399384]",서울특별시 종로구 종로1·2·3·4가동,"[126.99095460165246, 37.575603142178714]",0.0717379072094261
202204,토,점심,1117054,1117054,F,1929.48,서울특별시 구로구 구로3동,"[126.8940602926021, 37.48469576101838]",서울특별시 구로구 구로3동,"[126.8940602926021, 37.48469576101838]",0.07147379038755532
202204,토,점심,1122052,1122052,F,1915.38,서울특별시 서초구 서초2동,"[127.03018034456811, 37.485111515306755]",서울특별시 서초구 서초2동,"[127.03018034456811, 37.485111515306755]",0.070951483629017
202204,토,점심,1104066,1104068,F,1858.39,서울특별시 성동구 성수1가2동,"[127.04213692156439, 37.54899210467313]",서울특별시 성동구 성수2가3동,"[127.05932761084482, 37.54766855929547]",0.06884040120567662
202204,토,점심,1114068,1114068,F,1850.75,서울특별시 마포구 합정동,"[126.91173015368167, 37.547809277206945]",서울특별시 마포구 합정동,"[126.91173015368167, 37.547809277206945]",0.0685573924372204
202204,토,점심,1111066,1111066,F,1832.02,서울특별시 노원구 상계2동,"[127.06718242692487, 37.65550310771229]",서울특별시 노원구 상계2동,"[127.06718242692487, 37.65550310771229]",0.06786357643811239
202204,토,점심,1101060,1101060,F,1827.83,서울특별시 종로구 가회동,"[126.98631824322152, 37.58434534004574]",서울특별시 종로구 가회동,"[126.98631824322152, 37.58434534004574]",0.0677083661318517
202204,토,점심,1123053,1123077,F,1825.35,서울특별시 강남구 논현2동,"[127.0346662313185, 37.517108370661724]",서울특별시 강남구 압구정동,"[127.03314668642571, 37.52783236839773]",0.06761649941120099
202204,토,점심,1116064,1116054,F,1804.56,서울특별시 강서구 가양1동,"[126.83215506473292, 37.56958870314131]",서울특별시 강서구 등촌3동,"[126.84325843251658, 37.562154440199244]",0.06684637476510087
202204,토,점심,1106083,1106083,F,1803.65,서울특별시 동대문구 전농1동,"[127.05263711702743, 37.57972806814533]",서울특별시 동대문구 전농1동,"[127.05263711702743, 37.57972806814533]",0.06681266560550726
202204,토,점심,1107073,1107073,F,1771.98,서울특별시 중랑구 망우본동,"[127.10845122842241, 37.6039525230432]",서울특별시 중랑구 망우본동,"[127.10845122842241, 37.6039525230432]",0.06563951276558465
202204,토,점심,1124077,1124058,F,1764.52,서울특별시 송파구 잠실6동,"[127.09932914555756, 37.51855996471403]",서울특별시 송파구 방이2동,"[127.1149107388978, 37.51332145231897]",0.0653631717429821
202204,토,점심,1116054,1116054,F,1730.33,서울특별시 강서구 등촌3동,"[126.84325843251658, 37.562154440199244]",서울특별시 강서구 등촌3동,"[126.84325843251658, 37.562154440199244]",0.06409667046110797
202204,토,점심,1122066,1122067,F,1716.83,서울특별시 서초구 양재1동,"[127.02565624932309, 37.47257678112422]",서울특별시 서초구 양재2동,"[127.0444567139032, 37.44773534841601]",0.0635965895220819
202204,토,점심,1101061,1101054,F,1715.2,서울특별시 종로구 종로1·2·3·4가동,"[126.99095460165246, 37.575603142178714]",서울특별시 종로구 삼청동,"[126.98291522013217, 37.58672783633626]",0.06353620937907357
202204,토,점심,1111056,1111056,F,1707.79,서울특별시 노원구 공릉2동,"[127.0911135451463, 37.62903157420387]",서울특별시 노원구 공릉2동,"[127.0911135451463, 37.62903157420387]",0.06326172050809704
202204,토,점심,1104068,1104067,F,1699.53,서울특별시 성동구 성수2가3동,"[127.05932761084482, 37.54766855929547]",서울특별시 성동구 성수2가1동,"[127.05216830585341, 37.53936091325759]",0.06295574505947814
202204,토,점심,1121080,1121080,F,1698.17,서울특별시 관악구 청룡동,"[126.9448118821838, 37.476485613219204]",서울특별시 관악구 청룡동,"[126.9448118821838, 37.476485613219204]",0.06290536653525033
202204,토,점심,1101064,1101073,F,1690.62,서울특별시 종로구 이화동,"[127.00232672474115, 37.58069650100036]",서울특별시 종로구 혜화동,"[127.00077354964296, 37.58751958164254]",0.06262569163972094
202204,토,점심,1113076,1113075,F,1682.45,서울특별시 서대문구 연희동,"[126.93563407403806, 37.57228360983236]",서울특별시 서대문구 신촌동,"[126.94126973134767, 37.56713216116725]",0.062323050064028884
202204,토,점심,1123065,1123063,F,1680.64,서울특별시 강남구 역삼2동,"[127.04562611318828, 37.499282280726376]",서울특별시 강남구 대치4동,"[127.05499069193601, 37.5010195316422]",0.06225600217516687
202204,토,점심,1121080,1121058,F,1677.28,서울특별시 관악구 청룡동,"[126.9448118821838, 37.476485613219204]",서울특별시 관악구 낙성대동,"[126.96182986856822, 37.46780128466276]",0.06213153758589816
202204,토,점심,1122067,1122066,F,1661.05,서울특별시 서초구 양재2동,"[127.0444567139032, 37.44773534841601]",서울특별시 서초구 양재1동,"[127.02565624932309, 37.47257678112422]",0.06153032916809128
202204,토,점심,1101061,1101053,F,1659.11,서울특별시 종로구 종로1·2·3·4가동,"[126.99095460165246, 37.575603142178714]",서울특별시 종로구 사직동,"[126.96973780558996, 37.57526651399384]",0.0614584656850016
202204,토,점심,1114066,1114069,F,1658.35,서울특별시 마포구 서교동,"[126.92056224341965, 37.554231410096335]",서울특별시 마포구 망원1동,"[126.90174926359754, 37.553704969383375]",0.06143031298028606
202204,토,점심,1123079,1123079,F,1652.6,서울특별시 강남구 대치2동,"[127.07019806083031, 37.49917605917884]",서울특별시 강남구 대치2동,"[127.07019806083031, 37.49917605917884]",0.06121731554329348
202204,토,점심,1102054,1102052,F,1647.19,서울특별시 중구 회현동,"[126.9796964325556, 37.55632681416738]",서울특별시 중구 소공동,"[126.97509985596237, 37.564659305428215]",0.06101691273735786
202204,토,점심,1113073,1113075,F,1633.44,서울특별시 서대문구 충현동,"[126.96064504262631, 37.56271872144526]",서울특별시 서대문구 신촌동,"[126.94126973134767, 37.56713216116725]",0.06050757104020169
202204,토,점심,1111077,1111066,F,1626.51,서울특별시 노원구 상계6·7동,"[127.05997575249279, 37.64843504719793]",서울특별시 노원구 상계2동,"[127.06718242692487, 37.65550310771229]",0.06025086282483498
202204,토,점심,1114072,1114066,F,1607.26,서울특별시 마포구 성산1동,"[126.91480484140767, 37.56036193642018]",서울특별시 마포구 서교동,"[126.92056224341965, 37.554231410096335]",0.05953778444881634
202204,토,점심,1119073,1119074,F,1602.27,서울특별시 영등포구 영등포본동,"[126.90968192371881, 37.513285572242474]",서울특별시 영등포구 영등포동,"[126.90649846911558, 37.52267695422319]",0.0593529397165393
202204,토,점심,1122051,1122053,F,1578.84,서울특별시 서초구 서초1동,"[127.01989686726058, 37.48465893500267]",서울특별시 서초구 서초3동,"[127.00844957964054, 37.48609541841626]",0.05848502146458519
202204,토,점심,1124059,1124059,F,1573.93,서울특별시 송파구 오륜동,"[127.13376823600623, 37.51554546916807]",서울특별시 송파구 오륜동,"[127.13376823600623, 37.51554546916807]",0.05830314017490979
202204,토,점심,1120070,1120070,F,1566.28,서울특별시 동작구 신대방2동,"[126.92446819000136, 37.49651783576438]",서울특별시 동작구 신대방2동,"[126.92446819000136, 37.49651783576438]",0.058019760976128355
202204,토,점심,1108060,1108060,F,1556.7,서울특별시 성북구 안암동,"[127.02640018834087, 37.58905127811662]",서울특별시 성북구 안암동,"[127.02640018834087, 37.58905127811662]",0.05766488872458246
202204,토,점심,1105058,1105058,F,1555.42,서울특별시 광진구 중곡4동,"[127.09416290886703, 37.568776523400295]",서울특별시 광진구 중곡4동,"[127.09416290886703, 37.568776523400295]",0.05761747364295629
202204,토,점심,1104071,1104071,F,1553.12,서울특별시 성동구 왕십리도선동,"[127.03284108588937, 37.5649980131113]",서울특별시 성동구 왕십리도선동,"[127.03284108588937, 37.5649980131113]",0.057532274668159245
202204,토,점심,1123052,1123051,F,1552.56,서울특별시 강남구 논현1동,"[127.02745939058589, 37.513855035233846]",서울특별시 강남구 신사동,"[127.02261228179378, 37.52608291359223]",0.057511530569947795
202204,토,점심,1124058,1124061,F,1550.38,서울특별시 송파구 방이2동,"[127.1149107388978, 37.51332145231897]",서울특별시 송파구 송파1동,"[127.11179176756588, 37.50564107530343]",0.057430776759053226
202204,토,점심,1105067,1105067,F,1541.19,서울특별시 광진구 자양4동,"[127.06530029749946, 37.53382075256409]",서울특별시 광진구 자양4동,"[127.06530029749946, 37.53382075256409]",0.0570903512901903
202204,토,점심,1121069,1121069,F,1524.43,서울특별시 관악구 신림동,"[126.92485086260723, 37.48725166331915]",서울특별시 관악구 신림동,"[126.92485086260723, 37.48725166331915]",0.05646951006514758
202204,토,점심,1105067,1105053,F,1522.78,서울특별시 광진구 자양4동,"[127.06530029749946, 37.53382075256409]",서울특별시 광진구 화양동,"[127.07837402315909, 37.54326627301307]",0.05640838906148884
202204,토,점심,1111079,1111079,F,1518.67,서울특별시 노원구 공릉1동,"[127.07539260150696, 37.624329322970226]",서울특별시 노원구 공릉1동,"[127.07539260150696, 37.624329322970226]",0.056256142197829796
202204,토,점심,1123053,1123078,F,1509.47,서울특별시 강남구 논현2동,"[127.0346662313185, 37.517108370661724]",서울특별시 강남구 청담동,"[127.05055897710258, 37.523705060966414]",0.055915346298641665
202204,토,점심,1124082,1124082,F,1504.82,서울특별시 송파구 위례동,"[127.14189974578679, 37.48289078037338]",서울특별시 송파구 위례동,"[127.14189974578679, 37.48289078037338]",0.05574309619742158
202204,토,점심,1123064,1123052,F,1500.31,서울특별시 강남구 역삼1동,"[127.04126078797715, 37.5039870859614]",서울특별시 강남구 논현1동,"[127.02745939058589, 37.513855035233846]",0.055576032120754355
202204,토,점심,1104068,1104065,F,1498.65,서울특별시 성동구 성수2가3동,"[127.05932761084482, 37.54766855929547]",서울특별시 성동구 성수1가1동,"[127.04209358222877, 37.542391624555904]",0.05551454068677041
202204,토,점심,1123065,1123064,F,1494.33,서울특별시 강남구 역삼2동,"[127.04562611318828, 37.499282280726376]",서울특별시 강남구 역삼1동,"[127.04126078797715, 37.5039870859614]",0.055354514786282075
202204,토,점심,1124063,1124077,F,1492.9,서울특별시 송파구 석촌동,"[127.10095401866454, 37.503790066597965]",서울특별시 송파구 잠실6동,"[127.09932914555756, 37.51855996471403]",0.05530154324977784
202204,토,점심,1123064,1122052,F,1489.76,서울특별시 강남구 역삼1동,"[127.04126078797715, 37.5039870859614]",서울특별시 서초구 서초2동,"[127.03018034456811, 37.485111515306755]",0.055185228127663626
202204,토,점심,1124081,1124069,F,1482.92,서울특별시 송파구 장지동,"[127.13328723302288, 37.48283143746744]",서울특별시 송파구 문정2동,"[127.11938713838867, 37.47750452934264]",0.05493185378522376
202204,토,점심,1105053,1105066,F,1469.91,서울특별시 광진구 화양동,"[127.07837402315909, 37.54326627301307]",서울특별시 광진구 자양3동,"[127.07263790328068, 37.53360248278945]",0.05444992393213272
202204,토,점심,1103066,1103074,F,1461.73,서울특별시 용산구 이태원2동,"[126.99273496066886, 37.54069203142612]",서울특별시 용산구 한남동,"[127.00429271515972, 37.53991508637774]",0.05414691192611545
202204,토,점심,1101072,1101061,F,1460.41,서울특별시 종로구 청운효자동,"[126.96875675335039, 37.58528149031952]",서울특별시 종로구 종로1·2·3·4가동,"[126.99095460165246, 37.575603142178714]",0.05409801512318846
202204,토,점심,1119056,1119074,F,1458.58,서울특별시 영등포구 당산2동,"[126.90619993938657, 37.53024586004131]",서울특별시 영등포구 영등포동,"[126.90649846911558, 37.52267695422319]",0.05403022637367603
202204,토,점심,1115072,1115051,F,1442.81,서울특별시 양천구 신정4동,"[126.85834591433932, 37.52389174998824]",서울특별시 양천구 목1동,"[126.87842607732286, 37.528465778189215]",0.05344605775082856
202204,토,점심,1105066,1105066,F,1437.87,서울특별시 광진구 자양3동,"[127.07263790328068, 37.53360248278945]",서울특별시 광진구 자양3동,"[127.07263790328068, 37.53360248278945]",0.05326306517017754
202204,토,점심,1113073,1114066,F,1436.97,서울특별시 서대문구 충현동,"[126.96064504262631, 37.56271872144526]",서울특별시 마포구 서교동,"[126.92056224341965, 37.554231410096335]",0.05322972644090914
202204,토,점심,1114066,1119054,F,1425.55,서울특별시 마포구 서교동,"[126.92056224341965, 37.554231410096335]",서울특별시 영등포구 여의동,"[126.92512005925903, 37.52669811644704]",0.05280669500952561
202204,토,점심,1123076,1123076,F,1424.07,서울특별시 강남구 세곡동,"[127.10577478660237, 37.47030403135154]",서울특별시 강남구 세곡동,"[127.10577478660237, 37.47030403135154]",0.05275187132139535
202204,토,점심,1102057,1102057,F,1417.77,서울특별시 중구 필동,"[126.99414835783544, 37.55775208375099]",서울특별시 중구 필동,"[126.99414835783544, 37.55775208375099]",0.05251850021651652
202204,토,점심,1101061,1101072,F,1415.43,서울특별시 종로구 종로1·2·3·4가동,"[126.99095460165246, 37.575603142178714]",서울특별시 종로구 청운효자동,"[126.96875675335039, 37.58528149031952]",0.05243181952041868
202204,토,점심,1105067,1105066,F,1411.46,서울특별시 광진구 자양4동,"[127.06530029749946, 37.53382075256409]",서울특별시 광진구 자양3동,"[127.07263790328068, 37.53360248278945]",0.05228475868131249
202204,토,점심,1123078,1123053,F,1403.09,서울특별시 강남구 청담동,"[127.05055897710258, 37.523705060966414]",서울특별시 강남구 논현2동,"[127.0346662313185, 37.517108370661724]",0.05197470849911633
202204,토,점심,1106089,1106089,F,1398.81,서울특별시 동대문구 이문1동,"[127.06010591128903, 37.59625419728463]",서울특별시 동대문구 이문1동,"[127.06010591128903, 37.59625419728463]",0.05181616431992882
202204,토,점심,1124079,1124079,F,1391.96,서울특별시 송파구 잠실2동,"[127.08123212498766, 37.5174459371145]",서울특별시 송파구 잠실2동,"[127.08123212498766, 37.5174459371145]",0.05156241954716374
202204,토,점심,1122053,1122060,F,1375.01,서울특별시 서초구 서초3동,"[127.00844957964054, 37.48609541841626]",서울특별시 서초구 반포4동,"[127.0000666505004, 37.49835158340895]",0.05093454014594214
202204,토,점심,1116067,1116064,F,1371.98,서울특별시 강서구 발산1동,"[126.82410283854011, 37.54764494480369]",서울특별시 강서구 가양1동,"[126.83215506473292, 37.56958870314131]",0.05082229975740518
202204,토,점심,1124063,1124063,F,1371.7,서울특별시 송파구 석촌동,"[127.10095401866454, 37.503790066597965]",서울특별시 송파구 석촌동,"[127.10095401866454, 37.503790066597965]",0.050811927708299454
202204,토,점심,1102052,1102054,F,1370.87,서울특별시 중구 소공동,"[126.97509985596237, 37.564659305428215]",서울특별시 중구 회현동,"[126.9796964325556, 37.55632681416738]",0.050781181991307475
202204,토,점심,1123064,1123058,F,1366.36,서울특별시 강남구 역삼1동,"[127.04126078797715, 37.5039870859614]",서울특별시 강남구 삼성1동,"[127.05928361883572, 37.516707116019525]",0.05061411791464025
202204,토,점심,1111077,1111077,F,1354.35,서울특별시 노원구 상계6·7동,"[127.05997575249279, 37.64843504719793]",서울특별시 노원구 상계6·7동,"[127.05997575249279, 37.64843504719793]",0.05016923109406966
202204,토,점심,1123060,1123063,F,1353.44,서울특별시 강남구 대치1동,"[127.05767185328078, 37.49217000798384]",서울특별시 강남구 대치4동,"[127.05499069193601, 37.5010195316422]",0.05013552193447606
202204,토,점심,1111056,1111079,F,1351.11,서울특별시 노원구 공릉2동,"[127.0911135451463, 37.62903157420387]",서울특별시 노원구 공릉1동,"[127.07539260150696, 37.624329322970226]",0.05004921166870341
202204,토,점심,1105062,1105062,F,1337.77,서울특별시 광진구 구의3동,"[127.09372046854078, 37.53668389819961]",서울특별시 광진구 구의3동,"[127.09372046854078, 37.53668389819961]",0.049555057614880625
202204,토,점심,1114066,1113073,F,1330.31,서울특별시 마포구 서교동,"[126.92056224341965, 37.554231410096335]",서울특별시 서대문구 충현동,"[126.96064504262631, 37.56271872144526]",0.04927871659227808
202204,토,점심,1114066,1113076,F,1328.71,서울특별시 마포구 서교동,"[126.92056224341965, 37.554231410096335]",서울특별시 서대문구 연희동,"[126.93563407403806, 37.57228360983236]",0.049219447740245365
202204,토,점심,1114076,1114076,F,1322.79,서울특별시 마포구 서강동,"[126.92639388425313, 37.54906564628819]",서울특별시 마포구 서강동,"[126.92639388425313, 37.54906564628819]",0.0490001529877243
202204,토,점심,1114073,1114073,F,1321.15,서울특별시 마포구 성산2동,"[126.89893735245845, 37.56850500579956]",서울특별시 마포구 성산2동,"[126.89893735245845, 37.56850500579956]",0.04893940241439078
202204,토,점심,1115069,1115051,F,1318.36,서울특별시 양천구 신정6동,"[126.8693733278116, 37.515969535701736]",서울특별시 양천구 목1동,"[126.87842607732286, 37.528465778189215]",0.04883605235365872
202204,토,점심,1114060,1114066,F,1317.1,서울특별시 마포구 대흥동,"[126.94151997394867, 37.5513902127462]",서울특별시 마포구 서교동,"[126.92056224341965, 37.554231410096335]",0.04878937813268295
202204,토,점심,1122055,1123051,F,1313.12,서울특별시 서초구 잠원동,"[127.0121972411564, 37.51647808804724]",서울특별시 강남구 신사동,"[127.02261228179378, 37.52608291359223]",0.048641946863251566
202204,토,점심,1104065,1104068,F,1297.52,서울특별시 성동구 성수1가1동,"[127.04209358222877, 37.542391624555904]",서울특별시 성동구 성수2가3동,"[127.05932761084482, 37.54766855929547]",0.04806407555593257
202204,토,점심,1116070,1116064,F,1295.57,서울특별시 강서구 방화1동,"[126.81390311696072, 37.57103970737482]",서울특별시 강서구 가양1동,"[126.83215506473292, 37.56958870314131]",0.04799184164251769
202204,토,점심,1123064,1123051,F,1294.04,서울특별시 강남구 역삼1동,"[127.04126078797715, 37.5039870859614]",서울특별시 강남구 신사동,"[127.02261228179378, 37.52608291359223]",0.04793516580276141
202204,토,점심,1125067,1125067,F,1292.99,서울특별시 강동구 성내3동,"[127.13492958663635, 37.52963299977334]",서울특별시 강동구 성내3동,"[127.13492958663635, 37.52963299977334]",0.047896270618614935
202204,토,점심,1120073,1120073,F,1292.39,서울특별시 동작구 사당2동,"[126.97616270562324, 37.497499843869]",서울특별시 동작구 사당2동,"[126.97616270562324, 37.497499843869]",0.04787404479910267
202204,토,점심,1101060,1101054,F,1287.98,서울특별시 종로구 가회동,"[126.98631824322152, 37.58434534004574]",서울특별시 종로구 삼청동,"[126.98291522013217, 37.58672783633626]",0.04771068502568749
202204,토,점심,1103065,1103074,F,1285.24,서울특별시 용산구 이태원1동,"[126.99092599080859, 37.53332899937541]",서울특별시 용산구 한남동,"[127.00429271515972, 37.53991508637774]",0.04760918711658146
202204,토,점심,1117056,1117051,F,1280.71,서울특별시 구로구 구로5동,"[126.88734984414937, 37.50169755610519]",서울특별시 구로구 신도림동,"[126.8854089927686, 37.508298184398114]",0.04744138217926383
202204,토,점심,1114077,1114077,F,1279.55,서울특별시 마포구 공덕동,"[126.95889103733177, 37.5502351114788]",서울특별시 마포구 공덕동,"[126.95889103733177, 37.5502351114788]",0.0473984122615401
202204,토,점심,1105053,1105059,F,1276.54,서울특별시 광진구 화양동,"[127.07837402315909, 37.54326627301307]",서울특별시 광진구 능동,"[127.08139426911437, 37.55090497310224]",0.047286912733653555
202204,토,점심,1123078,1123058,F,1270.41,서울특별시 강남구 청담동,"[127.05055897710258, 37.523705060966414]",서울특별시 강남구 삼성1동,"[127.05928361883572, 37.516707116019525]",0.04705983894430321
202204,토,점심,1102055,1102057,F,1269.47,서울특별시 중구 명동,"[126.98435562251788, 37.56224364740497]",서울특별시 중구 필동,"[126.99414835783544, 37.55775208375099]",0.047025018493733986
202204,토,점심,1123079,1123063,F,1267.33,서울특별시 강남구 대치2동,"[127.07019806083031, 37.49917605917884]",서울특별시 강남구 대치4동,"[127.05499069193601, 37.5010195316422]",0.04694574640414022
202204,토,점심,1122060,1122059,F,1264.76,서울특별시 서초구 반포4동,"[127.0000666505004, 37.49835158340895]",서울특별시 서초구 반포3동,"[127.00632473925569, 37.51279185198056]",0.04685054581056267
202204,토,점심,1124063,1124080,F,1254.17,서울특별시 송파구 석촌동,"[127.10095401866454, 37.503790066597965]",서울특별시 송파구 잠실3동,"[127.09256436999024, 37.511453694541444]",0.04645826009617112
202204,토,점심,1104067,1104068,F,1253.58,서울특별시 성동구 성수2가1동,"[127.05216830585341, 37.53936091325759]",서울특별시 성동구 성수2가3동,"[127.05932761084482, 37.54766855929547]",0.046436404706984055
202204,토,점심,1103074,1103066,F,1245.86,서울특별시 용산구 한남동,"[127.00429271515972, 37.53991508637774]",서울특별시 용산구 이태원2동,"[126.99273496066886, 37.54069203142612]",0.04615043249592619
202204,토,점심,1109074,1109074,F,1243.8,서울특별시 강북구 우이동,"[126.99976469003614, 37.661133271747886]",서울특별시 강북구 우이동,"[126.99976469003614, 37.661133271747886]",0.046074123848934063
202204,토,점심,1116054,1116069,F,1238.12,서울특별시 강서구 등촌3동,"[126.84325843251658, 37.562154440199244]",서울특별시 강서구 공항동,"[126.7954832506458, 37.55527308081834]",0.045863719424217915
202204,토,점심,1123064,1123077,F,1237.35,서울특별시 강남구 역삼1동,"[127.04126078797715, 37.5039870859614]",서울특별시 강남구 압구정동,"[127.03314668642571, 37.52783236839773]",0.04583519628917717
202204,토,점심,1122053,1122051,F,1235.06,서울특별시 서초구 서초3동,"[127.00844957964054, 37.48609541841626]",서울특별시 서초구 서초1동,"[127.01989686726058, 37.48465893500267]",0.045750367744705346
202204,토,점심,1103072,1103073,F,1227.84,서울특별시 용산구 원효로1동,"[126.96587941948624, 37.53587552834697]",서울특별시 용산구 한강로동,"[126.96570686386953, 37.52976173036216]",0.0454829170499077
202204,토,점심,1119074,1119073,F,1226.94,서울특별시 영등포구 영등포동,"[126.90649846911558, 37.52267695422319]",서울특별시 영등포구 영등포본동,"[126.90968192371881, 37.513285572242474]",0.045449578320639304
202204,토,점심,1119062,1119056,F,1226.39,서울특별시 영등포구 양평2동,"[126.89356198527939, 37.5406499306347]",서울특별시 영등포구 당산2동,"[126.90619993938657, 37.53024586004131]",0.04542920465275306
202204,토,점심,1101061,1101064,F,1220.4,서울특별시 종로구 종로1·2·3·4가동,"[126.99095460165246, 37.575603142178714]",서울특별시 종로구 이화동,"[127.00232672474115, 37.58069650100036]",0.04520731688795557
202204,토,점심,1119062,1119062,F,1219.04,서울특별시 영등포구 양평2동,"[126.89356198527939, 37.5406499306347]",서울특별시 영등포구 양평2동,"[126.89356198527939, 37.5406499306347]",0.04515693836372776
202204,토,점심,1119055,1119074,F,1214.5,서울특별시 영등포구 당산1동,"[126.89825004301566, 37.52269284370412]",서울특별시 영등포구 영등포동,"[126.90649846911558, 37.52267695422319]",0.04498876299608492
202204,토,점심,1119054,1119074,F,1208.94,서울특별시 영등포구 여의동,"[126.92512005925903, 37.52669811644704]",서울특별시 영등포구 영등포동,"[126.90649846911558, 37.52267695422319]",0.04478280373527123
202204,토,점심,1123058,1123079,F,1208.8,서울특별시 강남구 삼성1동,"[127.05928361883572, 37.516707116019525]",서울특별시 강남구 대치2동,"[127.07019806083031, 37.49917605917884]",0.04477761771071836
202204,토,점심,1114069,1114070,F,1206.5,서울특별시 마포구 망원1동,"[126.90174926359754, 37.553704969383375]",서울특별시 마포구 망원2동,"[126.89870337538187, 37.55875780995441]",0.04469241873592133
202204,토,점심,1106089,1106071,F,1199.91,서울특별시 동대문구 이문1동,"[127.06010591128903, 37.59625419728463]",서울특별시 동대문구 회기동,"[127.05109555633642, 37.59523079080109]",0.04444830515161158
202204,토,점심,1115051,1115071,F,1198.27,서울특별시 양천구 목1동,"[126.87842607732286, 37.528465778189215]",서울특별시 양천구 목5동,"[126.87970700787528, 37.535560683454364]",0.04438755457827804
202204,토,점심,1124071,1124079,F,1196.75,서울특별시 송파구 잠실본동,"[127.08313430841073, 37.507709651924095]",서울특별시 송파구 잠실2동,"[127.08123212498766, 37.5174459371145]",0.04433124916884695
202204,토,점심,1114073,1114074,F,1189.45,서울특별시 마포구 성산2동,"[126.89893735245845, 37.56850500579956]",서울특별시 마포구 상암동,"[126.88560088415761, 37.57518748973119]",0.044060835031447684
202204,토,점심,1124061,1124080,F,1184.55,서울특별시 송파구 송파1동,"[127.11179176756588, 37.50564107530343]",서울특별시 송파구 잠실3동,"[127.09256436999024, 37.511453694541444]",0.04387932417209748
202204,토,점심,1101063,1102059,F,1184.47,서울특별시 종로구 종로5·6가동,"[127.0050373801426, 37.57346758551857]",서울특별시 중구 광희동,"[127.00286697151385, 37.56476073060719]",0.04387636072949585
202204,토,점심,1124079,1124071,F,1182.49,서울특별시 송파구 잠실2동,"[127.08123212498766, 37.5174459371145]",서울특별시 송파구 잠실본동,"[127.08313430841073, 37.507709651924095]",0.043803015525105356
202204,토,점심,1113076,1114071,F,1180.06,서울특별시 서대문구 연희동,"[126.93563407403806, 37.57228360983236]",서울특별시 마포구 연남동,"[126.92211652143648, 37.562850482781755]",0.04371300095608067
202204,토,점심,1124063,1124061,F,1179.24,서울특별시 송파구 석촌동,"[127.10095401866454, 37.503790066597965]",서울특별시 송파구 송파1동,"[127.11179176756588, 37.50564107530343]",0.0436826256694139
202204,토,점심,1110064,1110064,F,1174.82,서울특별시 도봉구 도봉1동,"[127.02580114605887, 37.688944389169386]",서울특별시 도봉구 도봉1동,"[127.02580114605887, 37.688944389169386]",0.043518895465673516
202204,토,점심,1123077,1123053,F,1170.95,서울특별시 강남구 압구정동,"[127.03314668642571, 37.52783236839773]",서울특별시 강남구 논현2동,"[127.0346662313185, 37.517108370661724]",0.04337553892981938
202204,토,점심,1101054,1101061,F,1169.21,서울특별시 종로구 삼청동,"[126.98291522013217, 37.58672783633626]",서울특별시 종로구 종로1·2·3·4가동,"[126.99095460165246, 37.575603142178714]",0.0433110840532338
202204,토,점심,1124061,1124058,F,1164.79,서울특별시 송파구 송파1동,"[127.11179176756588, 37.50564107530343]",서울특별시 송파구 방이2동,"[127.1149107388978, 37.51332145231897]",0.04314735384949341
202204,토,점심,1105058,1105061,F,1164.11,서울특별시 광진구 중곡4동,"[127.09416290886703, 37.568776523400295]",서울특별시 광진구 구의2동,"[127.09498368461912, 37.55101365625664]",0.04312216458737951
202204,토,점심,1123059,1123058,F,1163.19,서울특별시 강남구 삼성2동,"[127.04894638539058, 37.51001499280777]",서울특별시 강남구 삼성1동,"[127.05928361883572, 37.516707116019525]",0.0430880849974607
202204,토,점심,1119056,1119054,F,1155.83,서울특별시 영등포구 당산2동,"[126.90619993938657, 37.53024586004131]",서울특별시 영등포구 여의동,"[126.92512005925903, 37.52669811644704]",0.042815448278110194
202204,토,점심,1125073,1125073,F,1151.35,서울특별시 강동구 천호2동,"[127.12326757678903, 37.54326061541433]",서울특별시 강동구 천호2동,"[127.12326757678903, 37.54326061541433]",0.04264949549241858
202204,토,점심,1115066,1115051,F,1148.07,서울특별시 양천구 신정3동,"[126.83944439262794, 37.512881418255965]",서울특별시 양천구 목1동,"[126.87842607732286, 37.528465778189215]",0.04252799434575151
202204,토,점심,1111066,1111077,F,1147.04,서울특별시 노원구 상계2동,"[127.06718242692487, 37.65550310771229]",서울특별시 노원구 상계6·7동,"[127.05997575249279, 37.64843504719793]",0.04248984002225545
202204,토,점심,1122051,1122051,F,1131.5,서울특별시 서초구 서초1동,"[127.01989686726058, 37.48465893500267]",서울특별시 서초구 서초1동,"[127.01989686726058, 37.48465893500267]",0.04191419129688768
202204,토,점심,1104055,1104056,F,1121.67,서울특별시 성동구 사근동,"[127.04517415382271, 37.55843251447867]",서울특별시 성동구 행당1동,"[127.03611056140241, 37.55927820982642]",0.04155005828721167
202204,토,점심,1108066,1108066,F,1119.25,서울특별시 성북구 길음1동,"[127.02116101541266, 37.60868138539874]",서울특별시 성북구 길음1동,"[127.02116101541266, 37.60868138539874]",0.04146041414851218
202204,토,점심,1108068,1108068,F,1119.15,서울특별시 성북구 길음2동,"[127.02612977812707, 37.606730490184816]",서울특별시 성북구 길음2동,"[127.02612977812707, 37.606730490184816]",0.04145670984526014
202204,토,점심,1113075,1114060,F,1117.61,서울특별시 서대문구 신촌동,"[126.94126973134767, 37.56713216116725]",서울특별시 마포구 대흥동,"[126.94151997394867, 37.5513902127462]",0.041399663575178644
202204,토,점심,1124071,1124077,F,1116.84,서울특별시 송파구 잠실본동,"[127.08313430841073, 37.507709651924095]",서울특별시 송파구 잠실6동,"[127.09932914555756, 37.51855996471403]",0.0413711404401379
202204,토,점심,1101063,1101063,F,1116.81,서울특별시 종로구 종로5·6가동,"[127.0050373801426, 37.57346758551857]",서울특별시 종로구 종로5·6가동,"[127.0050373801426, 37.57346758551857]",0.04137002914916229
202204,토,점심,1109071,1109071,F,1114.25,서울특별시 강북구 송중동,"[127.03544325510315, 37.618488348758426]",서울특별시 강북구 송중동,"[127.03544325510315, 37.618488348758426]",0.04127519898590994
202204,토,점심,1103063,1103073,F,1110.95,서울특별시 용산구 이촌1동,"[126.97126180434695, 37.51918337035961]",서울특별시 용산구 한강로동,"[126.96570686386953, 37.52976173036216]",0.04115295697859246
202204,토,점심,1105053,1104068,F,1109.56,서울특별시 광진구 화양동,"[127.07837402315909, 37.54326627301307]",서울특별시 성동구 성수2가3동,"[127.05932761084482, 37.54766855929547]",0.041101467163389034
202204,토,점심,1102052,1101061,F,1104.24,서울특별시 중구 소공동,"[126.97509985596237, 37.564659305428215]",서울특별시 종로구 종로1·2·3·4가동,"[126.99095460165246, 37.575603142178714]",0.04090439823038025
202204,토,점심,1106088,1106088,F,1093.17,서울특별시 동대문구 장안2동,"[127.07242201003362, 37.57528014585229]",서울특별시 동대문구 장안2동,"[127.07242201003362, 37.57528014585229]",0.04049433186037889
202204,토,점심,1121058,1121080,F,1092.95,서울특별시 관악구 낙성대동,"[126.96182986856822, 37.46780128466276]",서울특별시 관악구 청룡동,"[126.9448118821838, 37.476485613219204]",0.040486182393224386
202204,토,점심,1103074,1103065,F,1092.76,서울특별시 용산구 한남동,"[127.00429271515972, 37.53991508637774]",서울특별시 용산구 이태원1동,"[126.99092599080859, 37.53332899937541]",0.040479144217045494
202204,토,점심,1118057,1118057,F,1091.9,서울특별시 금천구 시흥1동,"[126.90048325389597, 37.45286093427225]",서울특별시 금천구 시흥1동,"[126.90048325389597, 37.45286093427225]",0.04044728720907791
202204,토,점심,1123064,1122060,F,1090.81,서울특별시 강남구 역삼1동,"[127.04126078797715, 37.5039870859614]",서울특별시 서초구 반포4동,"[127.0000666505004, 37.49835158340895]",0.04040691030363062
202204,토,점심,1114071,1113076,F,1087.92,서울특별시 마포구 연남동,"[126.92211652143648, 37.562850482781755]",서울특별시 서대문구 연희동,"[126.93563407403806, 37.57228360983236]",0.04029985593964653
202204,토,점심,1113075,1119054,F,1087.4,서울특별시 서대문구 신촌동,"[126.94126973134767, 37.56713216116725]",서울특별시 영등포구 여의동,"[126.92512005925903, 37.52669811644704]",0.040280593562735896
202204,토,점심,1106081,1106081,F,1086.55,서울특별시 동대문구 용신동,"[127.0346953874286, 37.5764719171836]",서울특별시 동대문구 용신동,"[127.0346953874286, 37.5764719171836]",0.040249106985093513
202204,토,점심,1121064,1121069,F,1084.01,서울특별시 관악구 서원동,"[126.93593308177424, 37.48071252296345]",서울특별시 관악구 신림동,"[126.92485086260723, 37.48725166331915]",0.04015501768249157
202204,토,점심,1123060,1123060,F,1080.13,서울특별시 강남구 대치1동,"[127.05767185328078, 37.49217000798384]",서울특별시 강남구 대치1동,"[127.05767185328078, 37.49217000798384]",0.04001129071631224
202204,토,점심,1123064,1123065,F,1072.91,서울특별시 강남구 역삼1동,"[127.04126078797715, 37.5039870859614]",서울특별시 강남구 역삼2동,"[127.04562611318828, 37.499282280726376]",0.0397438400215146
202204,토,점심,1102060,1101061,F,1070.53,서울특별시 중구 을지로동,"[126.9965108360412, 37.566119114293336]",서울특별시 종로구 종로1·2·3·4가동,"[126.99095460165246, 37.575603142178714]",0.039655677604115924
202204,토,점심,1105066,1105067,F,1066.82,서울특별시 광진구 자양3동,"[127.07263790328068, 37.53360248278945]",서울특별시 광진구 자양4동,"[127.06530029749946, 37.53382075256409]",0.039518247953465056
202204,토,점심,1102057,1102055,F,1063.53,서울특별시 중구 필동,"[126.99414835783544, 37.55775208375099]",서울특별시 중구 명동,"[126.98435562251788, 37.56224364740497]",0.03939637637647278
202204,토,점심,1101061,1102052,F,1058.67,서울특별시 종로구 종로1·2·3·4가동,"[126.99095460165246, 37.575603142178714]",서울특별시 중구 소공동,"[126.97509985596237, 37.564659305428215]",0.039216347238423405
202204,토,점심,1101064,1101061,F,1057.65,서울특별시 종로구 이화동,"[127.00232672474115, 37.58069650100036]",서울특별시 종로구 종로1·2·3·4가동,"[126.99095460165246, 37.575603142178714]",0.03917856334525255
202204,토,점심,1119074,1119076,F,1057.38,서울특별시 영등포구 영등포동,"[126.90649846911558, 37.52267695422319]",서울특별시 영등포구 문래동,"[126.89550370534583, 37.51596092928477]",0.039168561726472026
202204,토,점심,1124064,1124077,F,1053.15,서울특별시 송파구 삼전동,"[127.09511802392005, 37.50110294105246]",서울특별시 송파구 잠실6동,"[127.09932914555756, 37.51855996471403]",0.03901186969891053
202204,토,점심,1124075,1124077,F,1051.28,서울특별시 송파구 잠실4동,"[127.10630203842183, 37.52272361093592]",서울특별시 송파구 잠실6동,"[127.09932914555756, 37.51855996471403]",0.038942599228097285
202204,토,점심,1106071,1106071,F,1045.83,서울특별시 동대문구 회기동,"[127.05109555633642, 37.59523079080109]",서울특별시 동대문구 회기동,"[127.05109555633642, 37.59523079080109]",0.03874071470086084
202204,토,점심,1105058,1105059,F,1040.54,서울특별시 광진구 중곡4동,"[127.09416290886703, 37.568776523400295]",서울특별시 광진구 능동,"[127.08139426911437, 37.55090497310224]",0.038544757058827664
202204,토,점심,1103073,1103069,F,1036.05,서울특별시 용산구 한강로동,"[126.96570686386953, 37.52976173036216]",서울특별시 용산구 서빙고동,"[126.98900825948841, 37.52233793685189]",0.03837843384281085
202204,토,점심,1114073,1114066,F,1027.91,서울특별시 마포구 성산2동,"[126.89893735245845, 37.56850500579956]",서울특별시 마포구 서교동,"[126.92056224341965, 37.554231410096335]",0.038076903558094406
202204,토,점심,1117051,1117056,F,1027.08,서울특별시 구로구 신도림동,"[126.8854089927686, 37.508298184398114]",서울특별시 구로구 구로5동,"[126.88734984414937, 37.50169755610519]",0.03804615784110243
202204,토,점심,1111079,1111056,F,1026.71,서울특별시 노원구 공릉1동,"[127.07539260150696, 37.624329322970226]",서울특별시 노원구 공릉2동,"[127.0911135451463, 37.62903157420387]",0.038032451919069864
202204,토,점심,1108082,1108083,F,1023.67,서울특별시 성북구 삼선동,"[127.01213516645666, 37.58779798512902]",서울특별시 성북구 동선동,"[127.01832465573933, 37.59296981556955]",0.0379198411002077
202204,토,점심,1121073,1121058,F,1017.62,서울특별시 관악구 대학동,"[126.9491858279245, 37.45182915587032]",서울특별시 관악구 낙성대동,"[126.96182986856822, 37.46780128466276]",0.037695730753458986
202204,토,점심,1116069,1116064,F,1017.29,서울특별시 강서구 공항동,"[126.7954832506458, 37.55527308081834]",서울특별시 강서구 가양1동,"[126.83215506473292, 37.56958870314131]",0.03768350655272724
202204,토,점심,1105066,1105053,F,1017.17,서울특별시 광진구 자양3동,"[127.07263790328068, 37.53360248278945]",서울특별시 광진구 화양동,"[127.07837402315909, 37.54326627301307]",0.03767906138882478
202204,토,점심,1121058,1121073,F,1011.92,서울특별시 관악구 낙성대동,"[126.96182986856822, 37.46780128466276]",서울특별시 관악구 대학동,"[126.9491858279245, 37.45182915587032]",0.03748458546809243
202204,토,점심,1122053,1123064,F,1011.38,서울특별시 서초구 서초3동,"[127.00844957964054, 37.48609541841626]",서울특별시 강남구 역삼1동,"[127.04126078797715, 37.5039870859614]",0.03746458223053138
202204,토,점심,1103065,1103065,F,1007.43,서울특별시 용산구 이태원1동,"[126.99092599080859, 37.53332899937541]",서울특별시 용산구 이태원1동,"[126.99092599080859, 37.53332899937541]",0.03731826225207561
202204,토,점심,1120068,1119054,F,1007.09,서울특별시 동작구 대방동,"[126.92884895770862, 37.50466441292217]",서울특별시 영등포구 여의동,"[126.92512005925903, 37.52669811644704]",0.03730566762101866
202204,토,점심,1105063,1105062,F,1005.19,서울특별시 광진구 광장동,"[127.10439239718072, 37.549002363245556]",서울특별시 광진구 구의3동,"[127.09372046854078, 37.53668389819961]",0.03723528585922981
202204,토,점심,1121069,1121064,F,1003.29,서울특별시 관악구 신림동,"[126.92485086260723, 37.48725166331915]",서울특별시 관악구 서원동,"[126.93593308177424, 37.48071252296345]",0.03716490409744096
202204,토,점심,1124071,1124080,F,1000.36,서울특별시 송파구 잠실본동,"[127.08313430841073, 37.507709651924095]",서울특별시 송파구 잠실3동,"[127.09256436999024, 37.511453694541444]",0.03705636801215604
202204,토,점심,1123078,1123051,F,1000.19,서울특별시 강남구 청담동,"[127.05055897710258, 37.523705060966414]",서울특별시 강남구 신사동,"[127.02261228179378, 37.52608291359223]",0.037050070696627566
202204,토,점심,1124079,1124080,F,1000.11,서울특별시 송파구 잠실2동,"[127.08123212498766, 37.5174459371145]",서울특별시 송파구 잠실3동,"[127.09256436999024, 37.511453694541444]",0.03704710725402593
202204,토,점심,1114077,1119054,F,993.0,서울특별시 마포구 공덕동,"[126.95889103733177, 37.5502351114788]",서울특별시 영등포구 여의동,"[126.92512005925903, 37.52669811644704]",0.03678373129280554
202204,토,점심,1116051,1116051,F,991.94,서울특별시 강서구 염창동,"[126.87433353921526, 37.55068426624989]",서울특별시 강서구 염창동,"[126.87433353921526, 37.55068426624989]",0.036744465678333865
202204,토,점심,1114070,1114069,F,989.22,서울특별시 마포구 망원2동,"[126.89870337538187, 37.55875780995441]",서울특별시 마포구 망원1동,"[126.90174926359754, 37.553704969383375]",0.036643708629878244
202204,토,점심,1122057,1122060,F,987.27,서울특별시 서초구 반포1동,"[127.01471802419195, 37.504467519574966]",서울특별시 서초구 반포4동,"[127.0000666505004, 37.49835158340895]",0.03657147471646337
202204,토,점심,1115066,1115066,F,980.22,서울특별시 양천구 신정3동,"[126.83944439262794, 37.512881418255965]",서울특별시 양천구 신정3동,"[126.83944439262794, 37.512881418255965]",0.0363103213371942
202204,토,점심,1122054,1122060,F,977.21,서울특별시 서초구 서초4동,"[127.01811249295136, 37.498481381745535]",서울특별시 서초구 반포4동,"[127.0000666505004, 37.49835158340895]",0.036198821809307655
202204,토,점심,1122055,1122055,F,977.05,서울특별시 서초구 잠원동,"[127.0121972411564, 37.51647808804724]",서울특별시 서초구 잠원동,"[127.0121972411564, 37.51647808804724]",0.03619289492410438
202204,토,점심,1115071,1115071,F,976.07,서울특별시 양천구 목5동,"[126.87970700787528, 37.535560683454364]",서울특별시 양천구 목5동,"[126.87970700787528, 37.535560683454364]",0.036156592752234346
202204,토,점심,1123079,1123060,F,974.28,서울특별시 강남구 대치2동,"[127.07019806083031, 37.49917605917884]",서울특별시 강남구 대치1동,"[127.05767185328078, 37.49217000798384]",0.03609028572402274
202204,토,점심,1108081,1108081,F,972.73,서울특별시 성북구 성북동,"[126.99663885599749, 37.59514780715082]",서울특별시 성북구 성북동,"[126.99663885599749, 37.59514780715082]",0.03603286902361604
202204,토,점심,1101072,1101054,F,969.95,서울특별시 종로구 청운효자동,"[126.96875675335039, 37.58528149031952]",서울특별시 종로구 삼청동,"[126.98291522013217, 37.58672783633626]",0.0359298893932092
202204,토,점심,1103073,1119054,F,967.21,서울특별시 용산구 한강로동,"[126.96570686386953, 37.52976173036216]",서울특별시 영등포구 여의동,"[126.92512005925903, 37.52669811644704]",0.03582839148410317
202204,토,점심,1115070,1115051,F,965.32,서울특별시 양천구 신정7동,"[126.8641623003314, 37.51126763109681]",서울특별시 양천구 목1동,"[126.87842607732286, 37.528465778189215]",0.03575838015263952
202204,토,점심,1114060,1114060,F,960.05,서울특별시 마포구 대흥동,"[126.94151997394867, 37.5513902127462]",서울특별시 마포구 대흥동,"[126.94151997394867, 37.5513902127462]",0.03556316337125675
202204,토,점심,1119074,1119056,F,954.69,서울특별시 영등포구 영등포동,"[126.90649846911558, 37.52267695422319]",서울특별시 영등포구 당산2동,"[126.90619993938657, 37.53024586004131]",0.03536461271694715
202204,토,점심,1123076,1124069,F,954.0,서울특별시 강남구 세곡동,"[127.10577478660237, 37.47030403135154]",서울특별시 송파구 문정2동,"[127.11938713838867, 37.47750452934264]",0.03533905302450804
202204,토,점심,1123059,1123059,F,951.34,서울특별시 강남구 삼성2동,"[127.04894638539058, 37.51001499280777]",서울특별시 강남구 삼성2동,"[127.04894638539058, 37.51001499280777]",0.03524051855800365
202204,토,점심,1104056,1104056,F,950.74,서울특별시 성동구 행당1동,"[127.03611056140241, 37.55927820982642]",서울특별시 성동구 행당1동,"[127.03611056140241, 37.55927820982642]",0.03521829273849138
202204,토,점심,1112059,1112059,F,947.49,서울특별시 은평구 응암1동,"[126.92760889371493, 37.59802717344725]",서울특별시 은평구 응암1동,"[126.92760889371493, 37.59802717344725]",0.03509790288279992
202204,토,점심,1124065,1124065,F,942.36,서울특별시 송파구 가락본동,"[127.12056029619893, 37.49855009452527]",서울특별시 송파구 가락본동,"[127.12056029619893, 37.49855009452527]",0.03490787212597002
202204,토,점심,1123053,1123064,F,942.25,서울특별시 강남구 논현2동,"[127.0346662313185, 37.517108370661724]",서울특별시 강남구 역삼1동,"[127.04126078797715, 37.5039870859614]",0.034903797392392764
202204,토,점심,1113072,1113072,F,939.98,서울특별시 서대문구 북가좌2동,"[126.91513615139891, 37.581780942552605]",서울특별시 서대문구 북가좌2동,"[126.91513615139891, 37.581780942552605]",0.03481970970857135
202204,토,점심,1121062,1121062,F,939.19,서울특별시 관악구 인헌동,"[126.96544662551375, 37.471724477428076]",서울특별시 관악구 인헌동,"[126.96544662551375, 37.471724477428076]",0.034790445712880196
202204,토,점심,1102060,1102060,F,938.67,서울특별시 중구 을지로동,"[126.9965108360412, 37.566119114293336]",서울특별시 중구 을지로동,"[126.9965108360412, 37.566119114293336]",0.03477118333596956
202204,토,점심,1123063,1123060,F,937.12,서울특별시 강남구 대치4동,"[127.05499069193601, 37.5010195316422]",서울특별시 강남구 대치1동,"[127.05767185328078, 37.49217000798384]",0.034713766635562866
202204,토,점심,1125073,1125074,F,933.84,서울특별시 강동구 천호2동,"[127.12326757678903, 37.54326061541433]",서울특별시 강동구 길동,"[127.14480510043676, 37.53958535837264]",0.034592265488895796
202204,토,점심,1101054,1101060,F,933.35,서울특별시 종로구 삼청동,"[126.98291522013217, 37.58672783633626]",서울특별시 종로구 가회동,"[126.98631824322152, 37.58434534004574]",0.03457411440296077
202204,토,점심,1122060,1122053,F,931.54,서울특별시 서초구 반포4동,"[127.0000666505004, 37.49835158340895]",서울특별시 서초구 서초3동,"[127.00844957964054, 37.48609541841626]",0.03450706651409876
202204,토,점심,1116074,1116064,F,931.16,서울특별시 강서구 우장산동,"[126.84125222020842, 37.5469763269254]",서울특별시 강서구 가양1동,"[126.83215506473292, 37.56958870314131]",0.03449299016174099
202204,토,점심,1122066,1123064,F,927.47,서울특별시 서초구 양재1동,"[127.02565624932309, 37.47257678112422]",서울특별시 강남구 역삼1동,"[127.04126078797715, 37.5039870859614]",0.03435630137174054
202204,토,점심,1113075,1113076,F,927.4,서울특별시 서대문구 신촌동,"[126.94126973134767, 37.56713216116725]",서울특별시 서대문구 연희동,"[126.93563407403806, 37.57228360983236]",0.0343537083594641
202204,토,점심,1104071,1104056,F,924.86,서울특별시 성동구 왕십리도선동,"[127.03284108588937, 37.5649980131113]",서울특별시 성동구 행당1동,"[127.03611056140241, 37.55927820982642]",0.034259619056862166
202204,토,점심,1122059,1122060,F,922.28,서울특별시 서초구 반포3동,"[127.00632473925569, 37.51279185198056]",서울특별시 서초구 반포4동,"[127.0000666505004, 37.49835158340895]",0.03416404803295941
202204,토,점심,1107069,1107073,F,917.18,서울특별시 중랑구 신내1동,"[127.10300188291902, 37.612585129316784]",서울특별시 중랑구 망우본동,"[127.10845122842241, 37.6039525230432]",0.03397512856710512
202204,토,점심,1125053,1125053,F,916.45,서울특별시 강동구 명일1동,"[127.14405602135712, 37.549287881954406]",서울특별시 강동구 명일1동,"[127.14405602135712, 37.549287881954406]",0.03394808715336519
202204,토,점심,1123065,1123065,F,911.55,서울특별시 강남구 역삼2동,"[127.04562611318828, 37.499282280726376]",서울특별시 강남구 역삼2동,"[127.04562611318828, 37.499282280726376]",0.03376657629401499
202204,토,점심,1123067,1123067,F,910.09,서울특별시 강남구 도곡2동,"[127.04887170162499, 37.48711469949217]",서울특별시 강남구 도곡2동,"[127.04887170162499, 37.48711469949217]",0.03371249346653514
202204,토,점심,1122058,1122060,F,909.4,서울특별시 서초구 반포2동,"[126.99434117369805, 37.50302287398847]",서울특별시 서초구 반포4동,"[127.0000666505004, 37.49835158340895]",0.033686933774096026
202204,토,점심,1104056,1104055,F,908.48,서울특별시 성동구 행당1동,"[127.03611056140241, 37.55927820982642]",서울특별시 성동구 사근동,"[127.04517415382271, 37.55843251447867]",0.03365285418417722
202204,토,점심,1124068,1124069,F,907.79,서울특별시 송파구 문정1동,"[127.12848852976907, 37.49041202183487]",서울특별시 송파구 문정2동,"[127.11938713838867, 37.47750452934264]",0.033627294491738104
202204,토,점심,1120068,1120068,F,900.82,서울특별시 동작구 대방동,"[126.92884895770862, 37.50466441292217]",서울특별시 동작구 대방동,"[126.92884895770862, 37.50466441292217]",0.03336910455507058
202204,토,점심,1105061,1105058,F,897.09,서울특별시 광진구 구의2동,"[127.09498368461912, 37.55101365625664]",서울특별시 광진구 중곡4동,"[127.09416290886703, 37.568776523400295]",0.033230934043769304
202204,토,점심,1124065,1124069,F,895.9,서울특별시 송파구 가락본동,"[127.12056029619893, 37.49855009452527]",서울특별시 송파구 문정2동,"[127.11938713838867, 37.47750452934264]",0.03318685283506997
202204,토,점심,1115072,1115072,F,894.39,서울특별시 양천구 신정4동,"[126.85834591433932, 37.52389174998824]",서울특별시 양천구 신정4동,"[126.85834591433932, 37.52389174998824]",0.033130917855964094
202204,토,점심,1114074,1114073,F,894.39,서울특별시 마포구 상암동,"[126.88560088415761, 37.57518748973119]",서울특별시 마포구 성산2동,"[126.89893735245845, 37.56850500579956]",0.033130917855964094
202204,토,점심,1108084,1108084,F,893.23,서울특별시 성북구 종암동,"[127.03461358196606, 37.596586255852614]",서울특별시 성북구 종암동,"[127.03461358196606, 37.596586255852614]",0.033087947938240374
202204,토,점심,1104073,1104073,F,892.07,서울특별시 성동구 옥수동,"[127.01444099933383, 37.54279397004796]",서울특별시 성동구 옥수동,"[127.01444099933383, 37.54279397004796]",0.033044978020516654
202204,토,점심,1124064,1124080,F,890.89,서울특별시 송파구 삼전동,"[127.09511802392005, 37.50110294105246]",서울특별시 송파구 잠실3동,"[127.09256436999024, 37.511453694541444]",0.03300126724214252
202204,토,점심,1116067,1116067,F,890.62,서울특별시 강서구 발산1동,"[126.82410283854011, 37.54764494480369]",서울특별시 강서구 발산1동,"[126.82410283854011, 37.54764494480369]",0.032991265623362
202204,토,점심,1103066,1103066,F,889.94,서울특별시 용산구 이태원2동,"[126.99273496066886, 37.54069203142612]",서울특별시 용산구 이태원2동,"[126.99273496066886, 37.54069203142612]",0.0329660763612481
202204,토,점심,1121062,1121058,F,885.1800000000001,서울특별시 관악구 인헌동,"[126.96544662551375, 37.471724477428076]",서울특별시 관악구 낙성대동,"[126.96182986856822, 37.46780128466276]",0.032789751526450764
202204,토,점심,1124080,1124071,F,881.5,서울특별시 송파구 잠실3동,"[127.09256436999024, 37.511453694541444]",서울특별시 송파구 잠실본동,"[127.08313430841073, 37.507709651924095]",0.03265343316677551
202204,토,점심,1122055,1122060,F,879.5,서울특별시 서초구 잠원동,"[127.0121972411564, 37.51647808804724]",서울특별시 서초구 반포4동,"[127.0000666505004, 37.49835158340895]",0.032579347101734615
202204,토,점심,1123064,1122066,F,879.34,서울특별시 강남구 역삼1동,"[127.04126078797715, 37.5039870859614]",서울특별시 서초구 양재1동,"[127.02565624932309, 37.47257678112422]",0.03257342021653134
202204,토,점심,1105054,1105053,F,879.22,서울특별시 광진구 군자동,"[127.07578921306951, 37.55298508359802]",서울특별시 광진구 화양동,"[127.07837402315909, 37.54326627301307]",0.03256897505262889
202204,토,점심,1118051,1121072,F,874.39,서울특별시 금천구 가산동,"[126.88545529879944, 37.47771922853849]",서울특별시 관악구 조원동,"[126.90756070508807, 37.48347993007314]",0.03239005720555512
202204,토,점심,1105061,1105059,F,872.74,서울특별시 광진구 구의2동,"[127.09498368461912, 37.55101365625664]",서울특별시 광진구 능동,"[127.08139426911437, 37.55090497310224]",0.03232893620189638
202204,토,점심,1123064,1123053,F,871.34,서울특별시 강남구 역삼1동,"[127.04126078797715, 37.5039870859614]",서울특별시 강남구 논현2동,"[127.0346662313185, 37.517108370661724]",0.03227707595636775
202204,토,점심,1125063,1125074,F,869.55,서울특별시 강동구 천호3동,"[127.13352388415649, 37.54081671865465]",서울특별시 강동구 길동,"[127.14480510043676, 37.53958535837264]",0.03221076892815615
202204,토,점심,1124080,1124061,F,866.3,서울특별시 송파구 잠실3동,"[127.09256436999024, 37.511453694541444]",서울특별시 송파구 송파1동,"[127.11179176756588, 37.50564107530343]",0.03209037907246469
202204,토,점심,1123064,1124077,F,864.71,서울특별시 강남구 역삼1동,"[127.04126078797715, 37.5039870859614]",서울특별시 송파구 잠실6동,"[127.09932914555756, 37.51855996471403]",0.03203148065075718
202204,토,점심,1103071,1103071,F,864.63,서울특별시 용산구 청파동,"[126.96809229010279, 37.549647741614955]",서울특별시 용산구 청파동,"[126.96809229010279, 37.549647741614955]",0.03202851720815554
202204,토,점심,1123064,1123078,F,858.7,서울특별시 강남구 역삼1동,"[127.04126078797715, 37.5039870859614]",서울특별시 강남구 청담동,"[127.05055897710258, 37.523705060966414]",0.03180885202530928
202204,토,점심,1116052,1116054,F,857.06,서울특별시 강서구 등촌1동,"[126.86297800180517, 37.55460210451333]",서울특별시 강서구 등촌3동,"[126.84325843251658, 37.562154440199244]",0.03174810145197574
202204,토,점심,1101054,1101054,F,856.85,서울특별시 종로구 삼청동,"[126.98291522013217, 37.58672783633626]",서울특별시 종로구 삼청동,"[126.98291522013217, 37.58672783633626]",0.03174032241514645
202204,토,점심,1125065,1125065,F,851.77,서울특별시 강동구 성내1동,"[127.12675599193744, 37.53129440852967]",서울특별시 강동구 성내1동,"[127.12675599193744, 37.53129440852967]",0.03155214380994257
202204,토,점심,1103069,1103073,F,850.97,서울특별시 용산구 서빙고동,"[126.98900825948841, 37.52233793685189]",서울특별시 용산구 한강로동,"[126.96570686386953, 37.52976173036216]",0.031522509383926214
202204,토,점심,1105059,1105053,F,849.69,서울특별시 광진구 능동,"[127.08139426911437, 37.55090497310224]",서울특별시 광진구 화양동,"[127.07837402315909, 37.54326627301307]",0.03147509430230004
202204,토,점심,1103053,1103073,F,848.12,서울특별시 용산구 남영동,"[126.97302841401003, 37.54533864851708]",서울특별시 용산구 한강로동,"[126.96570686386953, 37.52976173036216]",0.031416936741242935
202204,토,점심,1107060,1107073,F,847.29,서울특별시 중랑구 상봉2동,"[127.08357033741395, 37.59431197188415]",서울특별시 중랑구 망우본동,"[127.10845122842241, 37.6039525230432]",0.031386191024250956
202204,토,점심,1119054,1114066,F,846.63,서울특별시 영등포구 여의동,"[126.92512005925903, 37.52669811644704]",서울특별시 마포구 서교동,"[126.92056224341965, 37.554231410096335]",0.031361742622787465
202204,토,점심,1115054,1115051,F,844.79,서울특별시 양천구 목4동,"[126.86935795535615, 37.53575290665334]",서울특별시 양천구 목1동,"[126.87842607732286, 37.528465778189215]",0.031293583442949836
202204,토,점심,1116064,1116071,F,842.99,서울특별시 강서구 가양1동,"[126.83215506473292, 37.56958870314131]",서울특별시 강서구 방화2동,"[126.80464166711087, 37.583302630327445]",0.031226905984413033
202204,토,점심,1103063,1103063,F,841.4,서울특별시 용산구 이촌1동,"[126.97126180434695, 37.51918337035961]",서울특별시 용산구 이촌1동,"[126.97126180434695, 37.51918337035961]",0.03116800756270552
202204,토,점심,1123053,1123051,F,839.15,서울특별시 강남구 논현2동,"[127.0346662313185, 37.517108370661724]",서울특별시 강남구 신사동,"[127.02261228179378, 37.52608291359223]",0.031084660739534507
202204,토,점심,1107073,1107060,F,838.1,서울특별시 중랑구 망우본동,"[127.10845122842241, 37.6039525230432]",서울특별시 중랑구 상봉2동,"[127.08357033741395, 37.59431197188415]",0.031045765555388037
202204,토,점심,1125074,1125073,F,837.59,서울특별시 강동구 길동,"[127.14480510043676, 37.53958535837264]",서울특별시 강동구 천호2동,"[127.12326757678903, 37.54326061541433]",0.03102687360880261
202204,토,점심,1123064,1123063,F,835.21,서울특별시 강남구 역삼1동,"[127.04126078797715, 37.5039870859614]",서울특별시 강남구 대치4동,"[127.05499069193601, 37.5010195316422]",0.030938711191403942
202204,토,점심,1123066,1122066,F,830.96,서울특별시 강남구 도곡1동,"[127.04398112301496, 37.48762669344546]",서울특별시 서초구 양재1동,"[127.02565624932309, 37.47257678112422]",0.030781278303192036
202204,토,점심,1124080,1124079,F,830.67,서울특별시 송파구 잠실3동,"[127.09256436999024, 37.511453694541444]",서울특별시 송파구 잠실2동,"[127.08123212498766, 37.5174459371145]",0.030770535823761103
202204,토,점심,1121057,1121058,F,826.46,서울특별시 관악구 행운동,"[126.9656518344502, 37.478218675343555]",서울특별시 관악구 낙성대동,"[126.96182986856822, 37.46780128466276]",0.030614584656850016
202204,토,점심,1108066,1108068,F,823.39,서울특별시 성북구 길음1동,"[127.02116101541266, 37.60868138539874]",서울특별시 성북구 길음2동,"[127.02612977812707, 37.606730490184816]",0.030500862547012238
202204,토,점심,1124058,1124080,F,818.65,서울특별시 송파구 방이2동,"[127.1149107388978, 37.51332145231897]",서울특별시 송파구 잠실3동,"[127.09256436999024, 37.511453694541444]",0.03032527857286531
202204,토,점심,1116069,1116069,F,818.0,서울특별시 강서구 공항동,"[126.7954832506458, 37.55527308081834]",서울특별시 강서구 공항동,"[126.7954832506458, 37.55527308081834]",0.03030120060172702
202204,토,점심,1117071,1117056,F,816.71,서울특별시 구로구 구로2동,"[126.88093525734732, 37.496670570901344]",서울특별시 구로구 구로5동,"[126.88734984414937, 37.50169755610519]",0.03025341508977564
202204,토,점심,1122054,1122053,F,816.41,서울특별시 서초구 서초4동,"[127.01811249295136, 37.498481381745535]",서울특별시 서초구 서초3동,"[127.00844957964054, 37.48609541841626]",0.030242302180019505
202204,토,점심,1103073,1103053,F,812.35,서울특별시 용산구 한강로동,"[126.96570686386953, 37.52976173036216]",서울특별시 용산구 남영동,"[126.97302841401003, 37.54533864851708]",0.030091907467986484
202204,토,점심,1113075,1114071,F,811.79,서울특별시 서대문구 신촌동,"[126.94126973134767, 37.56713216116725]",서울특별시 마포구 연남동,"[126.92211652143648, 37.562850482781755]",0.03007116336977503
202204,토,점심,1108082,1108082,F,807.37,서울특별시 성북구 삼선동,"[127.01213516645666, 37.58779798512902]",서울특별시 성북구 삼선동,"[127.01213516645666, 37.58779798512902]",0.02990743316603465
202204,토,점심,1125061,1125074,F,806.5,서울특별시 강동구 천호1동,"[127.1375879131795, 37.54589260305004]",서울특별시 강동구 길동,"[127.14480510043676, 37.53958535837264]",0.029875205727741858
202204,토,점심,1123063,1123065,F,805.64,서울특별시 강남구 대치4동,"[127.05499069193601, 37.5010195316422]",서울특별시 강남구 역삼2동,"[127.04562611318828, 37.499282280726376]",0.029843348719774274
202204,토,점심,1124061,1124063,F,804.66,서울특별시 송파구 송파1동,"[127.11179176756588, 37.50564107530343]",서울특별시 송파구 석촌동,"[127.10095401866454, 37.503790066597965]",0.029807046547904233
202204,토,점심,1115052,1115051,F,800.7,서울특별시 양천구 목2동,"[126.87476564648368, 37.54537815463939]",서울특별시 양천구 목1동,"[126.87842607732286, 37.528465778189215]",0.02966035613912326
202204,토,점심,1122060,1122058,F,795.44,서울특별시 서초구 반포4동,"[127.0000666505004, 37.49835158340895]",서울특별시 서초구 반포2동,"[126.99434117369805, 37.50302287398847]",0.0294655097880657
202204,토,점심,1116074,1116054,F,794.69,서울특별시 강서구 우장산동,"[126.84125222020842, 37.5469763269254]",서울특별시 강서구 등촌3동,"[126.84325843251658, 37.562154440199244]",0.029437727513675363
202204,토,점심,1122065,1122065,F,794.24,서울특별시 서초구 방배4동,"[126.9911096164187, 37.49042331006428]",서울특별시 서초구 방배4동,"[126.9911096164187, 37.49042331006428]",0.029421058149041158
202204,토,점심,1105061,1105061,F,792.6800000000001,서울특별시 광진구 구의2동,"[127.09498368461912, 37.55101365625664]",서울특별시 광진구 구의2동,"[127.09498368461912, 37.55101365625664]",0.02936327101830926
202204,토,점심,1123063,1123064,F,792.25,서울특별시 강남구 대치4동,"[127.05499069193601, 37.5010195316422]",서울특별시 강남구 역삼1동,"[127.04126078797715, 37.5039870859614]",0.029347342514325466
202204,토,점심,1103069,1103069,F,791.31,서울특별시 용산구 서빙고동,"[126.98900825948841, 37.52233793685189]",서울특별시 용산구 서빙고동,"[126.98900825948841, 37.52233793685189]",0.02931252206375624
202204,토,점심,1111051,1111051,F,790.81,서울특별시 노원구 월계1동,"[127.0610867536061, 37.619965492040826]",서울특별시 노원구 월계1동,"[127.0610867536061, 37.619965492040826]",0.029294000547496018
202204,토,점심,1118051,1117056,F,790.14,서울특별시 금천구 가산동,"[126.88545529879944, 37.47771922853849]",서울특별시 구로구 구로5동,"[126.88734984414937, 37.50169755610519]",0.029269181715707318
202204,토,점심,1122057,1123064,F,789.15,서울특별시 서초구 반포1동,"[127.01471802419195, 37.504467519574966]",서울특별시 강남구 역삼1동,"[127.04126078797715, 37.5039870859614]",0.029232509113512075
202204,토,점심,1123078,1123064,F,786.68,서울특별시 강남구 청담동,"[127.05055897710258, 37.523705060966414]",서울특별시 강남구 역삼1동,"[127.04126078797715, 37.5039870859614]",0.029141012823186565
202204,토,점심,1116067,1116054,F,785.84,서울특별시 강서구 발산1동,"[126.82410283854011, 37.54764494480369]",서울특별시 강서구 등촌3동,"[126.84325843251658, 37.562154440199244]",0.02910989667586939
202204,토,점심,1122065,1122060,F,784.97,서울특별시 서초구 방배4동,"[126.9911096164187, 37.49042331006428]",서울특별시 서초구 반포4동,"[127.0000666505004, 37.49835158340895]",0.0290776692375766
202204,토,점심,1111065,1111065,F,784.14,서울특별시 노원구 상계1동,"[127.06598029479541, 37.68477926221974]",서울특별시 노원구 상계1동,"[127.06598029479541, 37.68477926221974]",0.029046923520584626
202204,토,점심,1119063,1119054,F,783.69,서울특별시 영등포구 신길1동,"[126.91949193086728, 37.51397793452939]",서울특별시 영등포구 여의동,"[126.92512005925903, 37.52669811644704]",0.029030254155950428
202204,토,점심,1106072,1106071,F,783.04,서울특별시 동대문구 휘경1동,"[127.06068751784204, 37.591472600892374]",서울특별시 동대문구 회기동,"[127.05109555633642, 37.59523079080109]",0.029006176184812132
202204,토,점심,1114074,1114066,F,782.14,서울특별시 마포구 상암동,"[126.88560088415761, 37.57518748973119]",서울특별시 마포구 서교동,"[126.92056224341965, 37.554231410096335]",0.02897283745554373
202204,토,점심,1114077,1114066,F,781.57,서울특별시 마포구 공덕동,"[126.95889103733177, 37.5502351114788]",서울특별시 마포구 서교동,"[126.92056224341965, 37.554231410096335]",0.028951722927007074
202204,토,점심,1123063,1123079,F,781.01,서울특별시 강남구 대치4동,"[127.05499069193601, 37.5010195316422]",서울특별시 강남구 대치2동,"[127.07019806083031, 37.49917605917884]",0.028930978828795622
202204,토,점심,1105054,1105059,F,779.9300000000001,서울특별시 광진구 군자동,"[127.07578921306951, 37.55298508359802]",서울특별시 광진구 능동,"[127.08139426911437, 37.55090497310224]",0.02889097235367354
202204,토,점심,1107060,1107060,F,779.4,서울특별시 중랑구 상봉2동,"[127.08357033741395, 37.59431197188415]",서울특별시 중랑구 상봉2동,"[127.08357033741395, 37.59431197188415]",0.0288713395464377
202204,토,점심,1101061,1102060,F,777.98,서울특별시 종로구 종로1·2·3·4가동,"[126.99095460165246, 37.575603142178714]",서울특별시 중구 을지로동,"[126.9965108360412, 37.566119114293336]",0.028818738440258663
202204,토,점심,1101054,1101072,F,776.79,서울특별시 종로구 삼청동,"[126.98291522013217, 37.58672783633626]",서울특별시 종로구 청운효자동,"[126.96875675335039, 37.58528149031952]",0.02877465723155933
202204,토,점심,1123051,1123064,F,776.65,서울특별시 강남구 신사동,"[127.02261228179378, 37.52608291359223]",서울특별시 강남구 역삼1동,"[127.04126078797715, 37.5039870859614]",0.028769471207006465
202204,토,점심,1119056,1119062,F,776.07,서울특별시 영등포구 당산2동,"[126.90619993938657, 37.53024586004131]",서울특별시 영등포구 양평2동,"[126.89356198527939, 37.5406499306347]",0.02874798624814461
202204,토,점심,1124064,1124064,F,775.88,서울특별시 송파구 삼전동,"[127.09511802392005, 37.50110294105246]",서울특별시 송파구 삼전동,"[127.09511802392005, 37.50110294105246]",0.02874094807196572
202204,토,점심,1124079,1124077,F,775.34,서울특별시 송파구 잠실2동,"[127.08123212498766, 37.5174459371145]",서울특별시 송파구 잠실6동,"[127.09932914555756, 37.51855996471403]",0.02872094483440468
202204,토,점심,1104068,1105053,F,774.68,서울특별시 성동구 성수2가3동,"[127.05932761084482, 37.54766855929547]",서울특별시 광진구 화양동,"[127.07837402315909, 37.54326627301307]",0.02869649643294118
202204,토,점심,1103066,1103065,F,773.93,서울특별시 용산구 이태원2동,"[126.99273496066886, 37.54069203142612]",서울특별시 용산구 이태원1동,"[126.99092599080859, 37.53332899937541]",0.028668714158550844
202204,토,점심,1101063,1101061,F,773.55,서울특별시 종로구 종로5·6가동,"[127.0050373801426, 37.57346758551857]",서울특별시 종로구 종로1·2·3·4가동,"[126.99095460165246, 37.575603142178714]",0.028654637806193074
202204,토,점심,1111060,1111060,F,769.64,서울특별시 노원구 중계본동,"[127.08612919410554, 37.646879622932296]",서울특별시 노원구 중계본동,"[127.08612919410554, 37.646879622932296]",0.02850979954903812
202204,토,점심,1122055,1122059,F,767.75,서울특별시 서초구 잠원동,"[127.0121972411564, 37.51647808804724]",서울특별시 서초구 반포3동,"[127.00632473925569, 37.51279185198056]",0.028439788217574473
202204,토,점심,1123052,1123077,F,767.39,서울특별시 강남구 논현1동,"[127.02745939058589, 37.513855035233846]",서울특별시 강남구 압구정동,"[127.03314668642571, 37.52783236839773]",0.02842645272586711
202204,토,점심,1108083,1108082,F,765.85,서울특별시 성북구 동선동,"[127.01832465573933, 37.59296981556955]",서울특별시 성북구 삼선동,"[127.01213516645666, 37.58779798512902]",0.02836940645578562
202204,토,점심,1122062,1122062,F,764.67,서울특별시 서초구 방배1동,"[126.99839044191174, 37.484573348485334]",서울특별시 서초구 방배1동,"[126.99839044191174, 37.484573348485334]",0.02832569567741149
202204,토,점심,1120053,1120054,F,762.35,서울특별시 동작구 상도1동,"[126.95337771944237, 37.49792108014235]",서울특별시 동작구 상도2동,"[126.93905771846174, 37.505026588943174]",0.028239755841964052
202204,토,점심,1122057,1122057,F,761.6,서울특별시 서초구 반포1동,"[127.01471802419195, 37.504467519574966]",서울특별시 서초구 반포1동,"[127.01471802419195, 37.504467519574966]",0.028211973567573715
202204,토,점심,1123066,1123066,F,761.05,서울특별시 강남구 도곡1동,"[127.04398112301496, 37.48762669344546]",서울특별시 강남구 도곡1동,"[127.04398112301496, 37.48762669344546]",0.028191599899687465
202204,토,점심,1123063,1123058,F,760.89,서울특별시 강남구 대치4동,"[127.05499069193601, 37.5010195316422]",서울특별시 강남구 삼성1동,"[127.05928361883572, 37.516707116019525]",0.028185673014484193
202204,토,점심,1117061,1117061,F,757.73,서울특별시 구로구 고척1동,"[126.86138334912367, 37.501237149456394]",서울특별시 구로구 고척1동,"[126.86138334912367, 37.501237149456394]",0.02806861703171958
202204,토,점심,1111078,1111078,F,756.1899999999999,서울특별시 노원구 중계2·3동,"[127.06399692560804, 37.64450536882155]",서울특별시 노원구 중계2·3동,"[127.06399692560804, 37.64450536882155]",0.028011570761638085
202204,토,점심,1116071,1116071,F,755.31,서울특별시 강서구 방화2동,"[126.80464166711087, 37.583302630327445]",서울특별시 강서구 방화2동,"[126.80464166711087, 37.583302630327445]",0.02797897289302009
202204,토,점심,1102059,1101063,F,752.34,서울특별시 중구 광희동,"[127.00286697151385, 37.56476073060719]",서울특별시 종로구 종로5·6가동,"[127.0050373801426, 37.57346758551857]",0.02786895508643436
202204,토,점심,1114076,1113075,F,751.94,서울특별시 마포구 서강동,"[126.92639388425313, 37.54906564628819]",서울특별시 서대문구 신촌동,"[126.94126973134767, 37.56713216116725]",0.027854137873426183
202204,토,점심,1115065,1115051,F,751.92,서울특별시 양천구 신정2동,"[126.87480740441501, 37.5191556283628]",서울특별시 양천구 목1동,"[126.87842607732286, 37.528465778189215]",0.02785339701277577
202204,토,점심,1114076,1114068,F,751.16,서울특별시 마포구 서강동,"[126.92639388425313, 37.54906564628819]",서울특별시 마포구 합정동,"[126.91173015368167, 37.547809277206945]",0.02782524430806023
202204,토,점심,1123059,1123078,F,750.11,서울특별시 강남구 삼성2동,"[127.04894638539058, 37.51001499280777]",서울특별시 강남구 청담동,"[127.05055897710258, 37.523705060966414]",0.02778634912391376
202204,토,점심,1119056,1114066,F,749.8,서울특별시 영등포구 당산2동,"[126.90619993938657, 37.53024586004131]",서울특별시 마포구 서교동,"[126.92056224341965, 37.554231410096335]",0.02777486578383242
202204,토,점심,1123064,1122053,F,748.35,서울특별시 강남구 역삼1동,"[127.04126078797715, 37.5039870859614]",서울특별시 서초구 서초3동,"[127.00844957964054, 37.48609541841626]",0.027721153386677768
202204,토,점심,1121058,1121062,F,741.79,서울특별시 관악구 낙성대동,"[126.96182986856822, 37.46780128466276]",서울특별시 관악구 인헌동,"[126.96544662551375, 37.471724477428076]",0.027478151093343624
202204,토,점심,1122052,1122053,F,741.69,서울특별시 서초구 서초2동,"[127.03018034456811, 37.485111515306755]",서울특별시 서초구 서초3동,"[127.00844957964054, 37.48609541841626]",0.027474446790091582
202204,토,점심,1123066,1123064,F,740.39,서울특별시 강남구 도곡1동,"[127.04398112301496, 37.48762669344546]",서울특별시 강남구 역삼1동,"[127.04126078797715, 37.5039870859614]",0.027426290847814998
202204,토,점심,1123067,1123063,F,739.36,서울특별시 강남구 도곡2동,"[127.04887170162499, 37.48711469949217]",서울특별시 강남구 대치4동,"[127.05499069193601, 37.5010195316422]",0.027388136524318936
202204,토,점심,1123060,1123079,F,735.16,서울특별시 강남구 대치1동,"[127.05767185328078, 37.49217000798384]",서울특별시 강남구 대치2동,"[127.07019806083031, 37.49917605917884]",0.02723255578773305
202204,토,점심,1125053,1125074,F,734.63,서울특별시 강동구 명일1동,"[127.14405602135712, 37.549287881954406]",서울특별시 강동구 길동,"[127.14480510043676, 37.53958535837264]",0.02721292298049721
202204,토,점심,1112051,1112058,F,733.15,서울특별시 은평구 녹번동,"[126.93942748309685, 37.605814909538026]",서울특별시 은평구 대조동,"[126.9245559851894, 37.6126108578407]",0.027158099292366948
202204,토,점심,1103063,1103069,F,731.61,서울특별시 용산구 이촌1동,"[126.97126180434695, 37.51918337035961]",서울특별시 용산구 서빙고동,"[126.98900825948841, 37.52233793685189]",0.027101053022285458
202204,토,점심,1122066,1123066,F,731.59,서울특별시 서초구 양재1동,"[127.02565624932309, 37.47257678112422]",서울특별시 강남구 도곡1동,"[127.04398112301496, 37.48762669344546]",0.02710031216163505
202204,토,점심,1124082,1124069,F,730.36,서울특별시 송파구 위례동,"[127.14189974578679, 37.48289078037338]",서울특별시 송파구 문정2동,"[127.11938713838867, 37.47750452934264]",0.027054749231634898
202204,토,점심,1121072,1118051,F,728.31,서울특별시 관악구 조원동,"[126.90756070508807, 37.48347993007314]",서울특별시 금천구 가산동,"[126.88545529879944, 37.47771922853849]",0.026978811014967977
202204,토,점심,1111078,1111077,F,726.36,서울특별시 노원구 중계2·3동,"[127.06399692560804, 37.64450536882155]",서울특별시 노원구 상계6·7동,"[127.05997575249279, 37.64843504719793]",0.026906577101553104
202204,토,점심,1113072,1114066,F,725.47,서울특별시 서대문구 북가좌2동,"[126.91513615139891, 37.581780942552605]",서울특별시 마포구 서교동,"[126.92056224341965, 37.554231410096335]",0.026873608802609902
202204,토,점심,1106071,1106089,F,720.55,서울특별시 동대문구 회기동,"[127.05109555633642, 37.59523079080109]",서울특별시 동대문구 이문1동,"[127.06010591128903, 37.59625419728463]",0.026691357082609293
202204,토,점심,1125066,1125074,F,719.83,서울특별시 강동구 성내2동,"[127.1275215687028, 37.53367422625407]",서울특별시 강동구 길동,"[127.14480510043676, 37.53958535837264]",0.026664686099194573
202204,토,점심,1122052,1122054,F,717.83,서울특별시 서초구 서초2동,"[127.03018034456811, 37.485111515306755]",서울특별시 서초구 서초4동,"[127.01811249295136, 37.498481381745535]",0.026590600034153675
202204,토,점심,1123053,1123052,F,716.56,서울특별시 강남구 논현2동,"[127.0346662313185, 37.517108370661724]",서울특별시 강남구 논현1동,"[127.02745939058589, 37.513855035233846]",0.026543555382852704
202204,토,점심,1120063,1120063,F,714.66,서울특별시 동작구 사당1동,"[126.97590034698653, 37.478638214507754]",서울특별시 동작구 사당1동,"[126.97590034698653, 37.478638214507754]",0.026473173621063852
202204,토,점심,1119076,1119054,F,713.84,서울특별시 영등포구 문래동,"[126.89550370534583, 37.51596092928477]",서울특별시 영등포구 여의동,"[126.92512005925903, 37.52669811644704]",0.026442798334397086
202204,토,점심,1114068,1114069,F,713.73,서울특별시 마포구 합정동,"[126.91173015368167, 37.547809277206945]",서울특별시 마포구 망원1동,"[126.90174926359754, 37.553704969383375]",0.026438723600819836
202204,토,점심,1123051,1122055,F,712.71,서울특별시 강남구 신사동,"[127.02261228179378, 37.52608291359223]",서울특별시 서초구 잠원동,"[127.0121972411564, 37.51647808804724]",0.02640093970764898
202204,토,점심,1123067,1123060,F,712.17,서울특별시 강남구 도곡2동,"[127.04887170162499, 37.48711469949217]",서울특별시 강남구 대치1동,"[127.05767185328078, 37.49217000798384]",0.026380936470087935
202204,토,점심,1123077,1123058,F,711.56,서울특별시 강남구 압구정동,"[127.03314668642571, 37.52783236839773]",서울특별시 강남구 삼성1동,"[127.05928361883572, 37.516707116019525]",0.02635834022025046
202204,토,점심,1121064,1121064,F,709.67,서울특별시 관악구 서원동,"[126.93593308177424, 37.48071252296345]",서울특별시 관악구 서원동,"[126.93593308177424, 37.48071252296345]",0.02628832888878681
202204,토,점심,1119061,1119074,F,707.3,서울특별시 영등포구 양평1동,"[126.88676353205311, 37.52500490051449]",서울특별시 영등포구 영등포동,"[126.90649846911558, 37.52267695422319]",0.02620053690171335
202204,토,점심,1101061,1101063,F,706.9,서울특별시 종로구 종로1·2·3·4가동,"[126.99095460165246, 37.575603142178714]",서울특별시 종로구 종로5·6가동,"[127.0050373801426, 37.57346758551857]",0.02618571968870517
202204,토,점심,1112052,1112071,F,706.17,서울특별시 은평구 불광1동,"[126.93658477356057, 37.618009040591055]",서울특별시 은평구 진관동,"[126.93454402716439, 37.64146154425551]",0.026158678274965243
202204,토,점심,1116073,1116073,F,705.25,서울특별시 강서구 화곡1동,"[126.84335889667103, 37.53403030157497]",서울특별시 강서구 화곡1동,"[126.84335889667103, 37.53403030157497]",0.02612459868504643
202204,토,점심,1123053,1123058,F,704.57,서울특별시 강남구 논현2동,"[127.0346662313185, 37.517108370661724]",서울특별시 강남구 삼성1동,"[127.05928361883572, 37.516707116019525]",0.026099409422932526
202204,토,점심,1124064,1124063,F,703.57,서울특별시 송파구 삼전동,"[127.09511802392005, 37.50110294105246]",서울특별시 송파구 석촌동,"[127.10095401866454, 37.503790066597965]",0.026062366390412078
202204,토,점심,1122067,1123064,F,701.74,서울특별시 서초구 양재2동,"[127.0444567139032, 37.44773534841601]",서울특별시 강남구 역삼1동,"[127.04126078797715, 37.5039870859614]",0.025994577640899658
202204,토,점심,1122059,1122059,F,698.96,서울특별시 서초구 반포3동,"[127.00632473925569, 37.51279185198056]",서울특별시 서초구 반포3동,"[127.00632473925569, 37.51279185198056]",0.02589159801049281
202204,토,점심,1123059,1123064,F,697.59,서울특별시 강남구 삼성2동,"[127.04894638539058, 37.51001499280777]",서울특별시 강남구 역삼1동,"[127.04126078797715, 37.5039870859614]",0.025840849055939794
202204,토,점심,1122057,1123051,F,693.72,서울특별시 서초구 반포1동,"[127.01471802419195, 37.504467519574966]",서울특별시 강남구 신사동,"[127.02261228179378, 37.52608291359223]",0.025697492520085657
202204,토,점심,1123066,1123067,F,692.89,서울특별시 강남구 도곡1동,"[127.04398112301496, 37.48762669344546]",서울특별시 강남구 도곡2동,"[127.04887170162499, 37.48711469949217]",0.025666746803093686
202204,토,점심,1104067,1104066,F,692.2,서울특별시 성동구 성수2가1동,"[127.05216830585341, 37.53936091325759]",서울특별시 성동구 성수1가2동,"[127.04213692156439, 37.54899210467313]",0.02564118711065458
202204,토,점심,1113073,1113073,F,691.24,서울특별시 서대문구 충현동,"[126.96064504262631, 37.56271872144526]",서울특별시 서대문구 충현동,"[126.96064504262631, 37.56271872144526]",0.025605625799434945
202204,토,점심,1119062,1119074,F,690.83,서울특별시 영등포구 양평2동,"[126.89356198527939, 37.5406499306347]",서울특별시 영등포구 영등포동,"[126.90649846911558, 37.52267695422319]",0.025590438156101562
202204,토,점심,1122051,1123064,F,689.73,서울특별시 서초구 서초1동,"[127.01989686726058, 37.48465893500267]",서울특별시 강남구 역삼1동,"[127.04126078797715, 37.5039870859614]",0.02554969082032907
202204,토,점심,1114077,1114078,F,688.5699999999999,서울특별시 마포구 공덕동,"[126.95889103733177, 37.5502351114788]",서울특별시 마포구 아현동,"[126.9525935625364, 37.552062181503935]",0.025506720902605345
202204,토,점심,1102054,1101061,F,688.47,서울특별시 중구 회현동,"[126.9796964325556, 37.55632681416738]",서울특별시 종로구 종로1·2·3·4가동,"[126.99095460165246, 37.575603142178714]",0.025503016599353303
202204,토,점심,1124065,1124077,F,688.21,서울특별시 송파구 가락본동,"[127.12056029619893, 37.49855009452527]",서울특별시 송파구 잠실6동,"[127.09932914555756, 37.51855996471403]",0.025493385410897986
202204,토,점심,1114070,1114066,F,687.04,서울특별시 마포구 망원2동,"[126.89870337538187, 37.55875780995441]",서울특별시 마포구 서교동,"[126.92056224341965, 37.554231410096335]",0.02545004506284906
202204,토,점심,1113073,1102052,F,686.57,서울특별시 서대문구 충현동,"[126.96064504262631, 37.56271872144526]",서울특별시 중구 소공동,"[126.97509985596237, 37.564659305428215]",0.02543263483756445
202204,토,점심,1123051,1123052,F,685.39,서울특별시 강남구 신사동,"[127.02261228179378, 37.52608291359223]",서울특별시 강남구 논현1동,"[127.02745939058589, 37.513855035233846]",0.02538892405919032
202204,토,점심,1122068,1122067,F,683.9,서울특별시 서초구 내곡동,"[127.0698335189893, 37.45285022724501]",서울특별시 서초구 양재2동,"[127.0444567139032, 37.44773534841601]",0.02533372994073485
202204,토,점심,1114059,1119054,F,683.51,서울특별시 마포구 용강동,"[126.94356639053314, 37.54187426686251]",서울특별시 영등포구 여의동,"[126.92512005925903, 37.52669811644704]",0.025319283158051875
202204,토,점심,1114059,1114059,F,681.47,서울특별시 마포구 용강동,"[126.94356639053314, 37.54187426686251]",서울특별시 마포구 용강동,"[126.94356639053314, 37.54187426686251]",0.025243715371710163
202204,토,점심,1123059,1123077,F,680.26,서울특별시 강남구 삼성2동,"[127.04894638539058, 37.51001499280777]",서울특별시 강남구 압구정동,"[127.03314668642571, 37.52783236839773]",0.025198893302360418
202204,토,점심,1104067,1104065,F,679.79,서울특별시 성동구 성수2가1동,"[127.05216830585341, 37.53936091325759]",서울특별시 성동구 성수1가1동,"[127.04209358222877, 37.542391624555904]",0.025181483077075805
202204,토,점심,1116069,1116071,F,679.38,서울특별시 강서구 공항동,"[126.7954832506458, 37.55527308081834]",서울특별시 강서구 방화2동,"[126.80464166711087, 37.583302630327445]",0.025166295433742422
202204,토,점심,1104066,1104067,F,679.35,서울특별시 성동구 성수1가2동,"[127.04213692156439, 37.54899210467313]",서울특별시 성동구 성수2가1동,"[127.05216830585341, 37.53936091325759]",0.02516518414276681
202204,토,점심,1125074,1125067,F,678.94,서울특별시 강동구 길동,"[127.14480510043676, 37.53958535837264]",서울특별시 강동구 성내3동,"[127.13492958663635, 37.52963299977334]",0.02514999649943343
202204,토,점심,1102058,1102058,F,678.35,서울특별시 중구 장충동,"[127.0018306443787, 37.555157659862104]",서울특별시 중구 장충동,"[127.0018306443787, 37.555157659862104]",0.02512814111024636
202204,토,점심,1102060,1102055,F,676.1800000000001,서울특별시 중구 을지로동,"[126.9965108360412, 37.566119114293336]",서울특별시 중구 명동,"[126.98435562251788, 37.56224364740497]",0.02504775772967699
202204,토,점심,1109072,1109071,F,674.25,서울특별시 강북구 송천동,"[127.02329339195035, 37.61972083759073]",서울특별시 강북구 송중동,"[127.03544325510315, 37.618488348758426]",0.02497626467691252
202204,토,점심,1122053,1122054,F,674.07,서울특별시 서초구 서초3동,"[127.00844957964054, 37.48609541841626]",서울특별시 서초구 서초4동,"[127.01811249295136, 37.498481381745535]",0.02496959693105884
202204,토,점심,1118052,1118057,F,673.83,서울특별시 금천구 독산1동,"[126.89244482683591, 37.463108491785356]",서울특별시 금천구 시흥1동,"[126.90048325389597, 37.45286093427225]",0.024960706603253936
202204,토,점심,1121063,1121063,F,673.24,서울특별시 관악구 남현동,"[126.97558196889804, 37.46463912227078]",서울특별시 관악구 남현동,"[126.97558196889804, 37.46463912227078]",0.02493885121406687
202204,토,점심,1123058,1123078,F,673.12,서울특별시 강남구 삼성1동,"[127.05928361883572, 37.516707116019525]",서울특별시 강남구 청담동,"[127.05055897710258, 37.523705060966414]",0.024934406050164414
202204,토,점심,1113073,1101061,F,672.07,서울특별시 서대문구 충현동,"[126.96064504262631, 37.56271872144526]",서울특별시 종로구 종로1·2·3·4가동,"[126.99095460165246, 37.575603142178714]",0.024895510866017944
202204,토,점심,1116064,1116067,F,671.79,서울특별시 강서구 가양1동,"[126.83215506473292, 37.56958870314131]",서울특별시 강서구 발산1동,"[126.82410283854011, 37.54764494480369]",0.024885138816912216
202204,토,점심,1103073,1103063,F,671.79,서울특별시 용산구 한강로동,"[126.96570686386953, 37.52976173036216]",서울특별시 용산구 이촌1동,"[126.97126180434695, 37.51918337035961]",0.024885138816912216
202204,토,점심,1113070,1113070,F,671.48,서울특별시 서대문구 남가좌2동,"[126.92225902510357, 37.57999193867539]",서울특별시 서대문구 남가좌2동,"[126.92225902510357, 37.57999193867539]",0.02487365547683088
202204,토,점심,1119055,1119055,F,667.54,서울특별시 영등포구 당산1동,"[126.89825004301566, 37.52269284370412]",서울특별시 영등포구 당산1동,"[126.89825004301566, 37.52269284370412]",0.02472770592870031
202204,토,점심,1120052,1120072,F,665.95,서울특별시 동작구 노량진2동,"[126.93856194915134, 37.50893161293434]",서울특별시 동작구 노량진1동,"[126.94723402559435, 37.51098222745891]",0.0246688075069928
202204,토,점심,1116064,1119054,F,665.86,서울특별시 강서구 가양1동,"[126.83215506473292, 37.56958870314131]",서울특별시 영등포구 여의동,"[126.92512005925903, 37.52669811644704]",0.024665473634065956
202204,토,점심,1110055,1110055,F,665.58,서울특별시 도봉구 방학1동,"[127.0421612620339, 37.665185425207]",서울특별시 도봉구 방학1동,"[127.0421612620339, 37.665185425207]",0.024655101584960232
202204,토,점심,1116070,1116071,F,664.99,서울특별시 강서구 방화1동,"[126.81390311696072, 37.57103970737482]",서울특별시 강서구 방화2동,"[126.80464166711087, 37.583302630327445]",0.024633246195773166
202204,토,점심,1112058,1112058,F,664.28,서울특별시 은평구 대조동,"[126.9245559851894, 37.6126108578407]",서울특별시 은평구 대조동,"[126.9245559851894, 37.6126108578407]",0.024606945642683647
202204,토,점심,1116054,1116071,F,663.68,서울특별시 강서구 등촌3동,"[126.84325843251658, 37.562154440199244]",서울특별시 강서구 방화2동,"[126.80464166711087, 37.583302630327445]",0.024584719823171376
202204,토,점심,1106091,1106083,F,662.85,서울특별시 동대문구 답십리1동,"[127.05184674171772, 37.5729933150665]",서울특별시 동대문구 전농1동,"[127.05263711702743, 37.57972806814533]",0.024553974106179408
202204,토,점심,1123052,1123053,F,660.3,서울특별시 강남구 논현1동,"[127.02745939058589, 37.513855035233846]",서울특별시 강남구 논현2동,"[127.0346662313185, 37.517108370661724]",0.02445951437325226
202204,토,점심,1116064,1116069,F,659.78,서울특별시 강서구 가양1동,"[126.83215506473292, 37.56958870314131]",서울특별시 강서구 공항동,"[126.7954832506458, 37.55527308081834]",0.024440251996341627
202204,토,점심,1118052,1118052,F,659.39,서울특별시 금천구 독산1동,"[126.89244482683591, 37.463108491785356]",서울특별시 금천구 독산1동,"[126.89244482683591, 37.463108491785356]",0.024425805213658655
